0 verbose cli C:\Program Files\nodejs\node.exe C:\Program Files\nodejs\node_modules\npm\bin\npm-cli.js
1 info using npm@11.16.0
2 info using node@v24.18.1
3 silly config load:file:C:\Program Files\nodejs\node_modules\npm\npmrc
4 silly config load:file:C:\Users\rbano\Documents\Codex\2026-09-08\files-pasted-by-the-user-build\.npmrc
5 silly config load:file:C:\Users\rbano\.npmrc
6 silly config load:file:C:\Users\rbano\AppData\Roaming\npm\etc\npmrc
7 verbose title npm install
8 verbose argv "install" "--cache" ".\\work\\npm-cache"
9 verbose logfile logs-max:10 dir:C:\Users\rbano\Documents\Codex\2026-09-08\files-pasted-by-the-user-build\work\npm-cache\_logs\2026-09-08T12_58_39_170Z-
10 verbose logfile C:\Users\rbano\Documents\Codex\2026-09-08\files-pasted-by-the-user-build\work\npm-cache\_logs\2026-09-08T12_58_39_170Z-debug-0.log
11 silly logfile done cleaning log files
12 silly packumentCache heap:4496293888 maxSize:1124073472 maxEntrySize:562036736
13 silly idealTree buildDeps
14 silly fetch manifest @vitejs/plugin-react@latest
15 silly packumentCache full:https://registry.npmjs.org/@vitejs%2fplugin-react cache-miss
16 http fetch GET 200 https://registry.npmjs.org/npm 2120ms
17 http fetch GET 200 https://registry.npmjs.org/@vitejs%2fplugin-react 4031ms (cache miss)
18 silly packumentCache full:https://registry.npmjs.org/@vitejs%2fplugin-react set size:undefined disposed:false
19 silly fetch manifest @rolldown/plugin-babel@^0.1.7 || ^0.2.0
20 silly packumentCache full:https://registry.npmjs.org/@rolldown%2fplugin-babel cache-miss
21 http fetch GET 200 https://registry.npmjs.org/@rolldown%2fplugin-babel 220ms (cache miss)
22 silly packumentCache full:https://registry.npmjs.org/@rolldown%2fplugin-babel set size:undefined disposed:false
23 silly fetch manifest @babel/core@^7.29.0 || ^8.0.0-rc.1
24 silly packumentCache full:https://registry.npmjs.org/@babel%2fcore cache-miss
25 http fetch GET 200 https://registry.npmjs.org/@babel%2fcore 330ms (cache miss)
26 silly packumentCache full:https://registry.npmjs.org/@babel%2fcore set size:undefined disposed:false
27 silly fetch manifest @babel/plugin-transform-runtime@^7.29.0 || ^8.0.0-rc.1
28 silly packumentCache full:https://registry.npmjs.org/@babel%2fplugin-transform-runtime cache-miss
29 http fetch GET 200 https://registry.npmjs.org/@babel%2fplugin-transform-runtime 410ms (cache miss)
30 silly packumentCache full:https://registry.npmjs.org/@babel%2fplugin-transform-runtime set size:undefined disposed:false
31 silly fetch manifest @babel/runtime@^7.27.0 || ^8.0.0-rc.1
32 silly packumentCache full:https://registry.npmjs.org/@babel%2fruntime cache-miss
33 http fetch GET 200 https://registry.npmjs.org/@babel%2fruntime 298ms (cache miss)
34 silly packumentCache full:https://registry.npmjs.org/@babel%2fruntime set size:undefined disposed:false
35 silly fetch manifest rolldown@^1.0.0-rc.5
36 silly packumentCache full:https://registry.npmjs.org/rolldown cache-miss
37 http fetch GET 200 https://registry.npmjs.org/rolldown 901ms (cache miss)
38 silly packumentCache full:https://registry.npmjs.org/rolldown set size:undefined disposed:false
39 silly fetch manifest vite@latest
40 silly packumentCache full:https://registry.npmjs.org/vite cache-miss
41 http fetch GET 200 https://registry.npmjs.org/vite 2429ms (cache miss)
42 silly packumentCache full:https://registry.npmjs.org/vite set size:undefined disposed:false
43 silly fetch manifest @types/node@latest
44 silly packumentCache full:https://registry.npmjs.org/@types%2fnode cache-miss
45 http fetch GET 200 https://registry.npmjs.org/@types%2fnode 3010ms (cache miss)
46 silly packumentCache full:https://registry.npmjs.org/@types%2fnode set size:undefined disposed:false
47 silly fetch manifest @vitejs/devtools@^0.4.0 || ^0.5.0
48 silly packumentCache full:https://registry.npmjs.org/@vitejs%2fdevtools cache-miss
49 http fetch GET 200 https://registry.npmjs.org/@vitejs%2fdevtools 179ms (cache miss)
50 silly packumentCache full:https://registry.npmjs.org/@vitejs%2fdevtools set size:undefined disposed:false
51 silly fetch manifest @vitejs/devtools-oxc@^0.5.2
52 silly packumentCache full:https://registry.npmjs.org/@vitejs%2fdevtools-oxc cache-miss
53 http fetch GET 200 https://registry.npmjs.org/@vitejs%2fdevtools-oxc 228ms (cache miss)
54 silly packumentCache full:https://registry.npmjs.org/@vitejs%2fdevtools-oxc set size:undefined disposed:false
55 silly fetch manifest @vitejs/devtools-rolldown@^0.5.2
56 silly packumentCache full:https://registry.npmjs.org/@vitejs%2fdevtools-rolldown cache-miss
57 http fetch GET 200 https://registry.npmjs.org/@vitejs%2fdevtools-rolldown 246ms (cache miss)
58 silly packumentCache full:https://registry.npmjs.org/@vitejs%2fdevtools-rolldown set size:undefined disposed:false
59 silly fetch manifest @vitejs/devtools-vite@^0.5.2
60 silly packumentCache full:https://registry.npmjs.org/@vitejs%2fdevtools-vite cache-miss
61 http fetch GET 200 https://registry.npmjs.org/@vitejs%2fdevtools-vite 238ms (cache miss)
62 silly packumentCache full:https://registry.npmjs.org/@vitejs%2fdevtools-vite set size:undefined disposed:false
63 silly fetch manifest @vitejs/devtools-vitest@^0.5.2
64 silly packumentCache full:https://registry.npmjs.org/@vitejs%2fdevtools-vitest cache-miss
65 http fetch GET 200 https://registry.npmjs.org/@vitejs%2fdevtools-vitest 90ms (cache miss)
66 silly packumentCache full:https://registry.npmjs.org/@vitejs%2fdevtools-vitest set size:undefined disposed:false
67 silly fetch manifest vitest@*
68 silly packumentCache full:https://registry.npmjs.org/vitest cache-miss
69 http fetch GET 200 https://registry.npmjs.org/vitest 958ms (cache miss)
70 silly packumentCache full:https://registry.npmjs.org/vitest set size:undefined disposed:false
71 silly fetch manifest @edge-runtime/vm@*
72 silly packumentCache full:https://registry.npmjs.org/@edge-runtime%2fvm cache-miss
73 http fetch GET 200 https://registry.npmjs.org/@edge-runtime%2fvm 424ms (cache miss)
74 silly packumentCache full:https://registry.npmjs.org/@edge-runtime%2fvm set size:undefined disposed:false
75 silly fetch manifest @opentelemetry/api@^1.9.0
76 silly packumentCache full:https://registry.npmjs.org/@opentelemetry%2fapi cache-miss
77 http fetch GET 200 https://registry.npmjs.org/@opentelemetry%2fapi 210ms (cache miss)
78 silly packumentCache full:https://registry.npmjs.org/@opentelemetry%2fapi set size:undefined disposed:false
79 silly fetch manifest @vitest/browser-playwright@5.0.0
80 silly packumentCache full:https://registry.npmjs.org/@vitest%2fbrowser-playwright cache-miss
81 http fetch GET 200 https://registry.npmjs.org/@vitest%2fbrowser-playwright 236ms (cache miss)
82 silly packumentCache full:https://registry.npmjs.org/@vitest%2fbrowser-playwright set size:undefined disposed:false
83 silly fetch manifest playwright@*
84 silly packumentCache full:https://registry.npmjs.org/playwright cache-miss
85 http fetch GET 200 https://registry.npmjs.org/playwright 5474ms (cache miss)
86 silly packumentCache full:https://registry.npmjs.org/playwright set size:undefined disposed:false
87 silly fetch manifest @vitest/browser-preview@5.0.0
88 silly packumentCache full:https://registry.npmjs.org/@vitest%2fbrowser-preview cache-miss
89 http fetch GET 200 https://registry.npmjs.org/@vitest%2fbrowser-preview 271ms (cache miss)
90 silly packumentCache full:https://registry.npmjs.org/@vitest%2fbrowser-preview set size:undefined disposed:false
91 silly fetch manifest @vitest/browser-webdriverio@^5.0.0-beta.5 || >=5.0.0
92 silly packumentCache full:https://registry.npmjs.org/@vitest%2fbrowser-webdriverio cache-miss
93 http fetch GET 200 https://registry.npmjs.org/@vitest%2fbrowser-webdriverio 243ms (cache miss)
94 silly packumentCache full:https://registry.npmjs.org/@vitest%2fbrowser-webdriverio set size:undefined disposed:false
95 silly fetch manifest webdriverio@*
96 silly packumentCache full:https://registry.npmjs.org/webdriverio cache-miss
97 http fetch GET 200 https://registry.npmjs.org/webdriverio 495ms (cache miss)
98 silly packumentCache full:https://registry.npmjs.org/webdriverio set size:undefined disposed:false
99 silly fetch manifest puppeteer-core@>=22.x <=24.x
100 silly packumentCache full:https://registry.npmjs.org/puppeteer-core cache-miss
101 http fetch GET 200 https://registry.npmjs.org/puppeteer-core 480ms (cache miss)
102 silly packumentCache full:https://registry.npmjs.org/puppeteer-core set size:undefined disposed:false
103 silly fetch manifest @vitest/coverage-istanbul@5.0.0
104 silly packumentCache full:https://registry.npmjs.org/@vitest%2fcoverage-istanbul cache-miss
105 http fetch GET 200 https://registry.npmjs.org/@vitest%2fcoverage-istanbul 208ms (cache miss)
106 silly packumentCache full:https://registry.npmjs.org/@vitest%2fcoverage-istanbul set size:undefined disposed:false
107 silly fetch manifest @vitest/coverage-v8@5.0.0
108 silly packumentCache full:https://registry.npmjs.org/@vitest%2fcoverage-v8 cache-miss
109 http fetch GET 200 https://registry.npmjs.org/@vitest%2fcoverage-v8 245ms (cache miss)
110 silly packumentCache full:https://registry.npmjs.org/@vitest%2fcoverage-v8 set size:undefined disposed:false
111 silly fetch manifest @vitest/browser@5.0.0
112 silly packumentCache full:https://registry.npmjs.org/@vitest%2fbrowser cache-miss
113 http fetch GET 200 https://registry.npmjs.org/@vitest%2fbrowser 235ms (cache miss)
114 silly packumentCache full:https://registry.npmjs.org/@vitest%2fbrowser set size:undefined disposed:false
115 silly fetch manifest @vitest/ui@5.0.0
116 silly packumentCache full:https://registry.npmjs.org/@vitest%2fui cache-miss
117 http fetch GET 200 https://registry.npmjs.org/@vitest%2fui 480ms (cache miss)
118 silly packumentCache full:https://registry.npmjs.org/@vitest%2fui set size:undefined disposed:false
119 silly fetch manifest happy-dom@*
120 silly packumentCache full:https://registry.npmjs.org/happy-dom cache-miss
121 http fetch GET 200 https://registry.npmjs.org/happy-dom 288ms (cache miss)
122 silly packumentCache full:https://registry.npmjs.org/happy-dom set size:undefined disposed:false
123 silly fetch manifest jsdom@*
124 silly packumentCache full:https://registry.npmjs.org/jsdom cache-miss
125 http fetch GET 200 https://registry.npmjs.org/jsdom 272ms (cache miss)
126 silly packumentCache full:https://registry.npmjs.org/jsdom set size:undefined disposed:false
127 silly fetch manifest canvas@^3.2.3
128 silly packumentCache full:https://registry.npmjs.org/canvas cache-miss
129 http fetch GET 200 https://registry.npmjs.org/canvas 235ms (cache miss)
130 silly packumentCache full:https://registry.npmjs.org/canvas set size:undefined disposed:false
131 silly fetch manifest esbuild@^0.27.0 || ^0.28.0
132 silly packumentCache full:https://registry.npmjs.org/esbuild cache-miss
133 http fetch GET 200 https://registry.npmjs.org/esbuild 666ms (cache miss)
134 silly packumentCache full:https://registry.npmjs.org/esbuild set size:undefined disposed:false
135 silly fetch manifest jiti@>=1.21.0
136 silly packumentCache full:https://registry.npmjs.org/jiti cache-miss
137 http fetch GET 200 https://registry.npmjs.org/jiti 202ms (cache miss)
138 silly packumentCache full:https://registry.npmjs.org/jiti set size:undefined disposed:false
139 silly fetch manifest less@^4.0.0
140 silly packumentCache full:https://registry.npmjs.org/less cache-miss
141 http fetch GET 200 https://registry.npmjs.org/less 260ms (cache miss)
142 silly packumentCache full:https://registry.npmjs.org/less set size:undefined disposed:false
143 silly fetch manifest sass@^1.70.0
144 silly packumentCache full:https://registry.npmjs.org/sass cache-miss
145 http fetch GET 200 https://registry.npmjs.org/sass 256ms (cache miss)
146 silly packumentCache full:https://registry.npmjs.org/sass set size:undefined disposed:false
147 silly fetch manifest sass-embedded@^1.70.0
148 silly packumentCache full:https://registry.npmjs.org/sass-embedded cache-miss
149 http fetch GET 200 https://registry.npmjs.org/sass-embedded 195ms (cache miss)
150 silly packumentCache full:https://registry.npmjs.org/sass-embedded set size:undefined disposed:false
151 silly fetch manifest stylus@>=0.54.8
152 silly packumentCache full:https://registry.npmjs.org/stylus cache-miss
153 http fetch GET 200 https://registry.npmjs.org/stylus 254ms (cache miss)
154 silly packumentCache full:https://registry.npmjs.org/stylus set size:undefined disposed:false
155 silly fetch manifest sugarss@^5.0.0
156 silly packumentCache full:https://registry.npmjs.org/sugarss cache-miss
157 http fetch GET 200 https://registry.npmjs.org/sugarss 234ms (cache miss)
158 silly packumentCache full:https://registry.npmjs.org/sugarss set size:undefined disposed:false
159 silly fetch manifest postcss@^8.3.3
160 silly packumentCache full:https://registry.npmjs.org/postcss cache-miss
161 http fetch GET 200 https://registry.npmjs.org/postcss 253ms (cache miss)
162 silly packumentCache full:https://registry.npmjs.org/postcss set size:undefined disposed:false
163 silly fetch manifest terser@^5.16.0
164 silly packumentCache full:https://registry.npmjs.org/terser cache-miss
165 http fetch GET 200 https://registry.npmjs.org/terser 308ms (cache miss)
166 silly packumentCache full:https://registry.npmjs.org/terser set size:undefined disposed:false
167 silly fetch manifest tsx@latest
168 silly packumentCache full:https://registry.npmjs.org/tsx cache-miss
169 http fetch GET 200 https://registry.npmjs.org/tsx 153ms (cache miss)
170 silly packumentCache full:https://registry.npmjs.org/tsx set size:undefined disposed:false
171 silly fetch manifest yaml@^2.4.2
172 silly packumentCache full:https://registry.npmjs.org/yaml cache-miss
173 http fetch GET 200 https://registry.npmjs.org/yaml 261ms (cache miss)
174 silly packumentCache full:https://registry.npmjs.org/yaml set size:undefined disposed:false
175 silly fetch manifest babel-plugin-react-compiler@^1.0.0
176 silly packumentCache full:https://registry.npmjs.org/babel-plugin-react-compiler cache-miss
177 http fetch GET 200 https://registry.npmjs.org/babel-plugin-react-compiler 234ms (cache miss)
178 silly packumentCache full:https://registry.npmjs.org/babel-plugin-react-compiler set size:undefined disposed:false
179 silly fetch manifest oxc-transform-react@^0.145.0
180 silly packumentCache full:https://registry.npmjs.org/oxc-transform-react cache-miss
181 http fetch GET 200 https://registry.npmjs.org/oxc-transform-react 255ms (cache miss)
182 silly packumentCache full:https://registry.npmjs.org/oxc-transform-react set size:undefined disposed:false
183 silly fetch manifest better-sqlite3@latest
184 silly packumentCache full:https://registry.npmjs.org/better-sqlite3 cache-miss
185 http fetch GET 200 https://registry.npmjs.org/better-sqlite3 244ms (cache miss)
186 silly packumentCache full:https://registry.npmjs.org/better-sqlite3 set size:undefined disposed:false
187 silly fetch manifest bcryptjs@latest
188 silly packumentCache full:https://registry.npmjs.org/bcryptjs cache-miss
189 http fetch GET 200 https://registry.npmjs.org/bcryptjs 211ms (cache miss)
190 silly packumentCache full:https://registry.npmjs.org/bcryptjs set size:undefined disposed:false
191 silly fetch manifest cors@latest
192 silly packumentCache full:https://registry.npmjs.org/cors cache-miss
193 http fetch GET 200 https://registry.npmjs.org/cors 76ms (cache miss)
194 silly packumentCache full:https://registry.npmjs.org/cors set size:undefined disposed:false
195 silly fetch manifest dotenv@latest
196 silly packumentCache full:https://registry.npmjs.org/dotenv cache-miss
197 http fetch GET 200 https://registry.npmjs.org/dotenv 168ms (cache miss)
198 silly packumentCache full:https://registry.npmjs.org/dotenv set size:undefined disposed:false
199 silly fetch manifest express@latest
200 silly packumentCache full:https://registry.npmjs.org/express cache-miss
201 http fetch GET 200 https://registry.npmjs.org/express 254ms (cache miss)
202 silly packumentCache full:https://registry.npmjs.org/express set size:undefined disposed:false
203 silly fetch manifest express-rate-limit@latest
204 silly packumentCache full:https://registry.npmjs.org/express-rate-limit cache-miss
205 http fetch GET 200 https://registry.npmjs.org/express-rate-limit 217ms (cache miss)
206 silly packumentCache full:https://registry.npmjs.org/express-rate-limit set size:undefined disposed:false
207 silly fetch manifest helmet@latest
208 silly packumentCache full:https://registry.npmjs.org/helmet cache-miss
209 http fetch GET 200 https://registry.npmjs.org/helmet 236ms (cache miss)
210 silly packumentCache full:https://registry.npmjs.org/helmet set size:undefined disposed:false
211 silly fetch manifest jsonwebtoken@latest
212 silly packumentCache full:https://registry.npmjs.org/jsonwebtoken cache-miss
213 http fetch GET 200 https://registry.npmjs.org/jsonwebtoken 249ms (cache miss)
214 silly packumentCache full:https://registry.npmjs.org/jsonwebtoken set size:undefined disposed:false
215 silly fetch manifest react@latest
216 silly packumentCache full:https://registry.npmjs.org/react cache-miss
217 http fetch GET 200 https://registry.npmjs.org/react 1005ms (cache miss)
218 silly packumentCache full:https://registry.npmjs.org/react set size:undefined disposed:false
219 silly fetch manifest react-dom@latest
220 silly packumentCache full:https://registry.npmjs.org/react-dom cache-miss
221 http fetch GET 200 https://registry.npmjs.org/react-dom 1923ms (cache miss)
222 silly packumentCache full:https://registry.npmjs.org/react-dom set size:undefined disposed:false
223 silly fetch manifest react-router-dom@latest
224 silly packumentCache full:https://registry.npmjs.org/react-router-dom cache-miss
225 http fetch GET 200 https://registry.npmjs.org/react-router-dom 648ms (cache miss)
226 silly packumentCache full:https://registry.npmjs.org/react-router-dom set size:undefined disposed:false
227 silly fetch manifest zod@latest
228 silly packumentCache full:https://registry.npmjs.org/zod cache-miss
229 http fetch GET 200 https://registry.npmjs.org/zod 1217ms (cache miss)
230 silly packumentCache full:https://registry.npmjs.org/zod set size:undefined disposed:false
231 silly fetch manifest @types/better-sqlite3@latest
232 silly packumentCache full:https://registry.npmjs.org/@types%2fbetter-sqlite3 cache-miss
233 http fetch GET 200 https://registry.npmjs.org/@types%2fbetter-sqlite3 484ms (cache miss)
234 silly packumentCache full:https://registry.npmjs.org/@types%2fbetter-sqlite3 set size:undefined disposed:false
235 silly fetch manifest @types/cors@latest
236 silly packumentCache full:https://registry.npmjs.org/@types%2fcors cache-miss
237 http fetch GET 200 https://registry.npmjs.org/@types%2fcors 461ms (cache miss)
238 silly packumentCache full:https://registry.npmjs.org/@types%2fcors set size:undefined disposed:false
239 silly fetch manifest @types/express@latest
240 silly packumentCache full:https://registry.npmjs.org/@types%2fexpress cache-miss
241 http fetch GET 200 https://registry.npmjs.org/@types%2fexpress 616ms (cache miss)
242 silly packumentCache full:https://registry.npmjs.org/@types%2fexpress set size:undefined disposed:false
243 silly fetch manifest @types/jsonwebtoken@latest
244 silly packumentCache full:https://registry.npmjs.org/@types%2fjsonwebtoken cache-miss
245 http fetch GET 200 https://registry.npmjs.org/@types%2fjsonwebtoken 286ms (cache miss)
246 silly packumentCache full:https://registry.npmjs.org/@types%2fjsonwebtoken set size:undefined disposed:false
247 silly fetch manifest @types/react@latest
248 silly packumentCache full:https://registry.npmjs.org/@types%2freact cache-miss
249 http fetch GET 200 https://registry.npmjs.org/@types%2freact 335ms (cache miss)
250 silly packumentCache full:https://registry.npmjs.org/@types%2freact set size:undefined disposed:false
251 silly fetch manifest @types/react-dom@latest
252 silly packumentCache full:https://registry.npmjs.org/@types%2freact-dom cache-miss
253 http fetch GET 200 https://registry.npmjs.org/@types%2freact-dom 480ms (cache miss)
254 silly packumentCache full:https://registry.npmjs.org/@types%2freact-dom set size:undefined disposed:false
255 silly fetch manifest typescript@latest
256 silly packumentCache full:https://registry.npmjs.org/typescript cache-miss
257 http fetch GET 200 https://registry.npmjs.org/typescript 1209ms (cache miss)
258 silly packumentCache full:https://registry.npmjs.org/typescript set size:undefined disposed:false
259 silly placeDep ROOT @types/better-sqlite3@9.6.0 OK for: problem-to-solution@1.0.0 want: latest
260 silly placeDep ROOT @types/cors@2.8.19 OK for: problem-to-solution@1.0.0 want: latest
261 silly placeDep ROOT @types/express@5.0.6 OK for: problem-to-solution@1.0.0 want: latest
262 silly placeDep ROOT @types/jsonwebtoken@9.0.10 OK for: problem-to-solution@1.0.0 want: latest
263 silly placeDep ROOT @types/node@26.5.0 OK for: problem-to-solution@1.0.0 want: latest
264 silly placeDep ROOT @types/react@19.2.18 OK for: problem-to-solution@1.0.0 want: latest
265 silly placeDep ROOT @types/react-dom@19.2.7 OK for: problem-to-solution@1.0.0 want: latest
266 silly placeDep ROOT @vitejs/plugin-react@6.1.1 OK for: problem-to-solution@1.0.0 want: latest
267 silly placeDep ROOT vite@8.2.2 OK for: @vitejs/plugin-react@6.1.1 want: ^8.0.0
268 silly placeDep ROOT bcryptjs@3.0.3 OK for: problem-to-solution@1.0.0 want: latest
269 silly placeDep ROOT better-sqlite3@13.0.3 OK for: problem-to-solution@1.0.0 want: latest
270 silly placeDep ROOT cors@2.8.6 OK for: problem-to-solution@1.0.0 want: latest
271 silly placeDep ROOT dotenv@17.4.2 OK for: problem-to-solution@1.0.0 want: latest
272 silly placeDep ROOT express@5.2.1 OK for: problem-to-solution@1.0.0 want: latest
273 silly placeDep ROOT express-rate-limit@8.7.0 OK for: problem-to-solution@1.0.0 want: latest
274 silly placeDep ROOT helmet@8.3.0 OK for: problem-to-solution@1.0.0 want: latest
275 silly placeDep ROOT jsonwebtoken@9.0.3 OK for: problem-to-solution@1.0.0 want: latest
276 silly placeDep ROOT react@19.2.8 OK for: problem-to-solution@1.0.0 want: latest
277 silly placeDep ROOT react-dom@19.2.8 OK for: problem-to-solution@1.0.0 want: latest
278 silly placeDep ROOT react-router-dom@7.18.3 OK for: problem-to-solution@1.0.0 want: latest
279 silly placeDep ROOT tsx@4.23.13 OK for: problem-to-solution@1.0.0 want: latest
280 silly placeDep ROOT typescript@7.0.2 OK for: problem-to-solution@1.0.0 want: latest
281 silly placeDep ROOT zod@4.5.4 OK for: problem-to-solution@1.0.0 want: latest
282 silly fetch manifest @types/node@*
283 silly packumentCache full:https://registry.npmjs.org/@types%2fnode cache-miss
284 silly fetch manifest @types/node@*
285 silly packumentCache full:https://registry.npmjs.org/@types%2fnode cache-miss
286 silly fetch manifest @types/body-parser@*
287 silly packumentCache full:https://registry.npmjs.org/@types%2fbody-parser cache-miss
288 silly fetch manifest @types/serve-static@^2
289 silly packumentCache full:https://registry.npmjs.org/@types%2fserve-static cache-miss
290 silly fetch manifest @types/express-serve-static-core@^5.0.0
291 silly packumentCache full:https://registry.npmjs.org/@types%2fexpress-serve-static-core cache-miss
292 silly fetch manifest @types/ms@*
293 silly packumentCache full:https://registry.npmjs.org/@types%2fms cache-miss
294 silly fetch manifest @types/node@*
295 silly packumentCache full:https://registry.npmjs.org/@types%2fnode cache-miss
296 silly fetch manifest undici-types@~8.9.0
297 silly packumentCache full:https://registry.npmjs.org/undici-types cache-miss
298 silly fetch manifest csstype@^3.2.2
299 silly packumentCache full:https://registry.npmjs.org/csstype cache-miss
300 silly fetch manifest @rolldown/pluginutils@^1.0.1
301 silly packumentCache full:https://registry.npmjs.org/@rolldown%2fpluginutils cache-miss
302 silly fetch manifest postcss@^8.5.26
303 silly packumentCache full:https://registry.npmjs.org/postcss cache-miss
304 silly fetch manifest rolldown@~1.2.4
305 silly packumentCache full:https://registry.npmjs.org/rolldown cache-miss
306 silly fetch manifest picomatch@^4.0.5
307 silly packumentCache full:https://registry.npmjs.org/picomatch cache-miss
308 silly fetch manifest tinyglobby@^0.2.17
309 silly packumentCache full:https://registry.npmjs.org/tinyglobby cache-miss
310 silly fetch manifest lightningcss@^1.33.0
311 silly packumentCache full:https://registry.npmjs.org/lightningcss cache-miss
312 http cache https://registry.npmjs.org/rolldown 75ms (cache hit)
313 silly packumentCache full:https://registry.npmjs.org/rolldown set size:3808254 disposed:false
314 silly fetch manifest fsevents@~2.3.3
315 silly packumentCache full:https://registry.npmjs.org/fsevents cache-miss
316 http cache https://registry.npmjs.org/@types%2fnode 137ms (cache hit)
317 silly packumentCache full:https://registry.npmjs.org/@types%2fnode set size:11103927 disposed:false
318 silly fetch manifest node-addon-api@^8.0.0
319 silly packumentCache full:https://registry.npmjs.org/node-addon-api cache-miss
320 http cache https://registry.npmjs.org/@types%2fnode 229ms (cache hit)
321 silly packumentCache full:https://registry.npmjs.org/@types%2fnode set size:11103927 disposed:false
322 silly fetch manifest object-assign@^4
323 silly packumentCache full:https://registry.npmjs.org/object-assign cache-miss
324 http cache https://registry.npmjs.org/postcss 334ms (cache hit)
325 silly packumentCache full:https://registry.npmjs.org/postcss set size:766699 disposed:false
326 silly fetch manifest vary@^1
327 silly packumentCache full:https://registry.npmjs.org/vary cache-miss
328 http cache https://registry.npmjs.org/@types%2fnode 376ms (cache hit)
329 silly packumentCache full:https://registry.npmjs.org/@types%2fnode set size:11103927 disposed:false
330 silly fetch manifest qs@^6.14.0
331 silly packumentCache full:https://registry.npmjs.org/qs cache-miss
332 http fetch GET 200 https://registry.npmjs.org/@types%2fserve-static 457ms (cache miss)
333 silly packumentCache full:https://registry.npmjs.org/@types%2fserve-static set size:undefined disposed:false
334 silly fetch manifest depd@^2.0.0
335 silly packumentCache full:https://registry.npmjs.org/depd cache-miss
336 http fetch GET 200 https://registry.npmjs.org/@types%2fbody-parser 462ms (cache miss)
337 silly packumentCache full:https://registry.npmjs.org/@types%2fbody-parser set size:undefined disposed:false
338 silly fetch manifest etag@^1.8.1
339 silly packumentCache full:https://registry.npmjs.org/etag cache-miss
340 http fetch GET 200 https://registry.npmjs.org/node-addon-api 591ms (cache miss)
341 silly packumentCache full:https://registry.npmjs.org/node-addon-api set size:undefined disposed:false
342 silly fetch manifest once@^1.4.0
343 silly packumentCache full:https://registry.npmjs.org/once cache-miss
344 http fetch GET 200 https://registry.npmjs.org/object-assign 474ms (cache miss)
345 silly packumentCache full:https://registry.npmjs.org/object-assign set size:undefined disposed:false
346 silly fetch manifest send@^1.1.0
347 silly packumentCache full:https://registry.npmjs.org/send cache-miss
348 http fetch GET 200 https://registry.npmjs.org/once 666ms (cache miss)
349 silly packumentCache full:https://registry.npmjs.org/once set size:undefined disposed:false
350 silly fetch manifest vary@^1.1.2
351 silly packumentCache full:https://registry.npmjs.org/vary cache-miss
352 http fetch GET 200 https://registry.npmjs.org/send 696ms (cache miss)
353 silly packumentCache full:https://registry.npmjs.org/send set size:undefined disposed:false
354 silly fetch manifest debug@^4.4.0
355 silly packumentCache full:https://registry.npmjs.org/debug cache-miss
356 http fetch GET 200 https://registry.npmjs.org/vary 516ms (cache miss)
357 silly packumentCache full:https://registry.npmjs.org/vary set size:undefined disposed:false
358 silly fetch manifest fresh@^2.0.0
359 silly packumentCache full:https://registry.npmjs.org/fresh cache-miss
360 http fetch GET 200 https://registry.npmjs.org/debug 540ms (cache miss)
361 silly packumentCache full:https://registry.npmjs.org/debug set size:undefined disposed:false
362 silly fetch manifest cookie@^0.7.1
363 silly packumentCache full:https://registry.npmjs.org/cookie cache-miss
364 http fetch GET 200 https://registry.npmjs.org/fresh 92ms (cache miss)
365 silly packumentCache full:https://registry.npmjs.org/fresh set size:undefined disposed:false
366 silly fetch manifest router@^2.2.0
367 silly packumentCache full:https://registry.npmjs.org/router cache-miss
368 http fetch GET 200 https://registry.npmjs.org/cookie 213ms (cache miss)
369 silly packumentCache full:https://registry.npmjs.org/cookie set size:undefined disposed:false
370 silly fetch manifest accepts@^2.0.0
371 silly packumentCache full:https://registry.npmjs.org/accepts cache-miss
372 http fetch GET 200 https://registry.npmjs.org/router 286ms (cache miss)
373 silly packumentCache full:https://registry.npmjs.org/router set size:undefined disposed:false
374 silly fetch manifest type-is@^2.0.1
375 silly packumentCache full:https://registry.npmjs.org/type-is cache-miss
376 http fetch GET 200 https://registry.npmjs.org/picomatch 2404ms (cache miss)
377 silly packumentCache full:https://registry.npmjs.org/picomatch set size:undefined disposed:false
378 silly fetch manifest parseurl@^1.3.3
379 silly packumentCache full:https://registry.npmjs.org/parseurl cache-miss
380 http fetch GET 200 https://registry.npmjs.org/accepts 151ms (cache miss)
381 silly packumentCache full:https://registry.npmjs.org/accepts set size:undefined disposed:false
382 silly fetch manifest statuses@^2.0.1
383 silly packumentCache full:https://registry.npmjs.org/statuses cache-miss
384 http fetch GET 200 https://registry.npmjs.org/@types%2fms 2429ms (cache miss)
385 silly packumentCache full:https://registry.npmjs.org/@types%2fms set size:undefined disposed:false
386 silly fetch manifest encodeurl@^2.0.0
387 silly packumentCache full:https://registry.npmjs.org/encodeurl cache-miss
388 http fetch GET 200 https://registry.npmjs.org/undici-types 2428ms (cache miss)
389 silly packumentCache full:https://registry.npmjs.org/undici-types set size:undefined disposed:false
390 silly fetch manifest mime-types@^3.0.0
391 silly packumentCache full:https://registry.npmjs.org/mime-types cache-miss
392 http fetch GET 200 https://registry.npmjs.org/fsevents 2327ms (cache miss)
393 silly packumentCache full:https://registry.npmjs.org/fsevents set size:undefined disposed:false
394 silly fetch manifest proxy-addr@^2.0.7
395 silly packumentCache full:https://registry.npmjs.org/proxy-addr cache-miss
396 http fetch GET 200 https://registry.npmjs.org/vary 2113ms (cache miss)
397 silly packumentCache full:https://registry.npmjs.org/vary set size:undefined disposed:false
398 silly fetch manifest body-parser@^2.2.1
399 silly packumentCache full:https://registry.npmjs.org/body-parser cache-miss
400 http fetch GET 200 https://registry.npmjs.org/depd 2031ms (cache miss)
401 silly packumentCache full:https://registry.npmjs.org/depd set size:undefined disposed:false
402 silly fetch manifest escape-html@^1.0.3
403 silly packumentCache full:https://registry.npmjs.org/escape-html cache-miss
404 http fetch GET 200 https://registry.npmjs.org/etag 2026ms (cache miss)
405 silly packumentCache full:https://registry.npmjs.org/etag set size:undefined disposed:false
406 silly fetch manifest http-errors@^2.0.0
407 silly packumentCache full:https://registry.npmjs.org/http-errors cache-miss
408 http fetch GET 200 https://registry.npmjs.org/tinyglobby 2505ms (cache miss)
409 silly packumentCache full:https://registry.npmjs.org/tinyglobby set size:undefined disposed:false
410 silly fetch manifest on-finished@^2.4.1
411 silly packumentCache full:https://registry.npmjs.org/on-finished cache-miss
412 http fetch GET 200 https://registry.npmjs.org/@rolldown%2fpluginutils 2513ms (cache miss)
413 silly packumentCache full:https://registry.npmjs.org/@rolldown%2fpluginutils set size:undefined disposed:false
414 silly fetch manifest content-type@^1.0.5
415 silly packumentCache full:https://registry.npmjs.org/content-type cache-miss
416 http fetch GET 200 https://registry.npmjs.org/type-is 148ms (cache miss)
417 silly packumentCache full:https://registry.npmjs.org/type-is set size:undefined disposed:false
418 silly fetch manifest finalhandler@^2.1.0
419 silly packumentCache full:https://registry.npmjs.org/finalhandler cache-miss
420 http fetch GET 200 https://registry.npmjs.org/lightningcss 2522ms (cache miss)
421 silly packumentCache full:https://registry.npmjs.org/lightningcss set size:undefined disposed:false
422 silly fetch manifest range-parser@^1.2.1
423 silly packumentCache full:https://registry.npmjs.org/range-parser cache-miss
424 http fetch GET 200 https://registry.npmjs.org/statuses 118ms (cache miss)
425 silly packumentCache full:https://registry.npmjs.org/statuses set size:undefined disposed:false
426 silly fetch manifest serve-static@^2.2.0
427 silly packumentCache full:https://registry.npmjs.org/serve-static cache-miss
428 http fetch GET 200 https://registry.npmjs.org/csstype 2540ms (cache miss)
429 silly packumentCache full:https://registry.npmjs.org/csstype set size:undefined disposed:false
430 silly fetch manifest cookie-signature@^1.2.1
431 silly packumentCache full:https://registry.npmjs.org/cookie-signature cache-miss
432 http fetch GET 200 https://registry.npmjs.org/@types%2fexpress-serve-static-core 2573ms (cache miss)
433 silly packumentCache full:https://registry.npmjs.org/@types%2fexpress-serve-static-core set size:undefined disposed:false
434 silly fetch manifest merge-descriptors@^2.0.0
435 silly packumentCache full:https://registry.npmjs.org/merge-descriptors cache-miss
436 http fetch GET 200 https://registry.npmjs.org/encodeurl 193ms (cache miss)
437 silly packumentCache full:https://registry.npmjs.org/encodeurl set size:undefined disposed:false
438 silly fetch manifest content-disposition@^1.0.0
439 silly packumentCache full:https://registry.npmjs.org/content-disposition cache-miss
440 http fetch GET 200 https://registry.npmjs.org/parseurl 221ms (cache miss)
441 silly packumentCache full:https://registry.npmjs.org/parseurl set size:undefined disposed:false
442 silly fetch manifest debug@^4.4.3
443 silly packumentCache full:https://registry.npmjs.org/debug cache-miss
444 http fetch GET 200 https://registry.npmjs.org/proxy-addr 194ms (cache miss)
445 silly packumentCache full:https://registry.npmjs.org/proxy-addr set size:undefined disposed:false
446 silly fetch manifest ip-address@^10.2.0
447 silly packumentCache full:https://registry.npmjs.org/ip-address cache-miss
448 http fetch GET 200 https://registry.npmjs.org/mime-types 210ms (cache miss)
449 silly packumentCache full:https://registry.npmjs.org/mime-types set size:undefined disposed:false
450 silly fetch manifest ms@^2.1.1
451 silly packumentCache full:https://registry.npmjs.org/ms cache-miss
452 http fetch GET 200 https://registry.npmjs.org/cookie-signature 106ms (cache miss)
453 silly packumentCache full:https://registry.npmjs.org/cookie-signature set size:undefined disposed:false
454 silly fetch manifest jws@^4.0.1
455 silly packumentCache full:https://registry.npmjs.org/jws cache-miss
456 http cache https://registry.npmjs.org/debug 20ms (cache hit)
457 silly packumentCache full:https://registry.npmjs.org/debug set size:195840 disposed:false
458 silly fetch manifest semver@^7.5.4
459 silly packumentCache full:https://registry.npmjs.org/semver cache-miss
460 http fetch GET 200 https://registry.npmjs.org/on-finished 161ms (cache miss)
461 silly packumentCache full:https://registry.npmjs.org/on-finished set size:undefined disposed:false
462 silly fetch manifest lodash.once@^4.0.0
463 silly packumentCache full:https://registry.npmjs.org/lodash.once cache-miss
464 http fetch GET 200 https://registry.npmjs.org/body-parser 217ms (cache miss)
465 silly packumentCache full:https://registry.npmjs.org/body-parser set size:undefined disposed:false
466 silly fetch manifest lodash.includes@^4.3.0
467 silly packumentCache full:https://registry.npmjs.org/lodash.includes cache-miss
468 http fetch GET 200 https://registry.npmjs.org/serve-static 169ms (cache miss)
469 silly packumentCache full:https://registry.npmjs.org/serve-static set size:undefined disposed:false
470 silly fetch manifest lodash.isnumber@^3.0.3
471 silly packumentCache full:https://registry.npmjs.org/lodash.isnumber cache-miss
472 http fetch GET 200 https://registry.npmjs.org/qs 2272ms (cache miss)
473 silly packumentCache full:https://registry.npmjs.org/qs set size:undefined disposed:false
474 silly fetch manifest lodash.isstring@^4.0.1
475 silly packumentCache full:https://registry.npmjs.org/lodash.isstring cache-miss
476 http fetch GET 200 https://registry.npmjs.org/escape-html 236ms (cache miss)
477 silly packumentCache full:https://registry.npmjs.org/escape-html set size:undefined disposed:false
478 silly fetch manifest lodash.isboolean@^3.0.3
479 silly packumentCache full:https://registry.npmjs.org/lodash.isboolean cache-miss
480 http fetch GET 200 https://registry.npmjs.org/http-errors 289ms (cache miss)
481 silly packumentCache full:https://registry.npmjs.org/http-errors set size:undefined disposed:false
482 silly fetch manifest lodash.isinteger@^4.0.4
483 silly packumentCache full:https://registry.npmjs.org/lodash.isinteger cache-miss
484 http fetch GET 200 https://registry.npmjs.org/content-type 273ms (cache miss)
485 silly packumentCache full:https://registry.npmjs.org/content-type set size:undefined disposed:false
486 silly fetch manifest lodash.isplainobject@^4.0.6
487 silly packumentCache full:https://registry.npmjs.org/lodash.isplainobject cache-miss
488 http fetch GET 200 https://registry.npmjs.org/finalhandler 281ms (cache miss)
489 silly packumentCache full:https://registry.npmjs.org/finalhandler set size:undefined disposed:false
490 silly fetch manifest scheduler@^0.27.0
491 silly packumentCache full:https://registry.npmjs.org/scheduler cache-miss
492 http fetch GET 200 https://registry.npmjs.org/range-parser 277ms (cache miss)
493 silly packumentCache full:https://registry.npmjs.org/range-parser set size:undefined disposed:false
494 silly fetch manifest react-router@7.18.3
495 silly packumentCache full:https://registry.npmjs.org/react-router cache-miss
496 http fetch GET 200 https://registry.npmjs.org/semver 162ms (cache miss)
497 silly packumentCache full:https://registry.npmjs.org/semver set size:undefined disposed:false
498 silly fetch manifest esbuild@~0.28.0
499 silly packumentCache full:https://registry.npmjs.org/esbuild cache-miss
500 http cache https://registry.npmjs.org/esbuild 11ms (cache hit)
501 silly packumentCache full:https://registry.npmjs.org/esbuild set size:1264676 disposed:false
502 silly fetch manifest @typescript/typescript-aix-ppc64@7.0.2
503 silly packumentCache full:https://registry.npmjs.org/@typescript%2ftypescript-aix-ppc64 cache-miss
504 http fetch GET 200 https://registry.npmjs.org/lodash.includes 180ms (cache miss)
505 silly packumentCache full:https://registry.npmjs.org/lodash.includes set size:undefined disposed:false
506 silly fetch manifest @typescript/typescript-linux-arm@7.0.2
507 silly packumentCache full:https://registry.npmjs.org/@typescript%2ftypescript-linux-arm cache-miss
508 http fetch GET 200 https://registry.npmjs.org/merge-descriptors 294ms (cache miss)
509 silly packumentCache full:https://registry.npmjs.org/merge-descriptors set size:undefined disposed:false
510 silly fetch manifest @typescript/typescript-linux-x64@7.0.2
511 silly packumentCache full:https://registry.npmjs.org/@typescript%2ftypescript-linux-x64 cache-miss
512 http fetch GET 200 https://registry.npmjs.org/content-disposition 264ms (cache miss)
513 silly packumentCache full:https://registry.npmjs.org/content-disposition set size:undefined disposed:false
514 silly fetch manifest @typescript/typescript-sunos-x64@7.0.2
515 silly packumentCache full:https://registry.npmjs.org/@typescript%2ftypescript-sunos-x64 cache-miss
516 http fetch GET 200 https://registry.npmjs.org/ms 304ms (cache miss)
517 silly packumentCache full:https://registry.npmjs.org/ms set size:undefined disposed:false
518 silly fetch manifest @typescript/typescript-win32-x64@7.0.2
519 silly packumentCache full:https://registry.npmjs.org/@typescript%2ftypescript-win32-x64 cache-miss
520 http fetch GET 200 https://registry.npmjs.org/ip-address 318ms (cache miss)
521 silly packumentCache full:https://registry.npmjs.org/ip-address set size:undefined disposed:false
522 silly fetch manifest @typescript/typescript-darwin-x64@7.0.2
523 silly packumentCache full:https://registry.npmjs.org/@typescript%2ftypescript-darwin-x64 cache-miss
524 http fetch GET 200 https://registry.npmjs.org/jws 358ms (cache miss)
525 silly packumentCache full:https://registry.npmjs.org/jws set size:undefined disposed:false
526 silly fetch manifest @typescript/typescript-netbsd-x64@7.0.2
527 silly packumentCache full:https://registry.npmjs.org/@typescript%2ftypescript-netbsd-x64 cache-miss
528 http fetch GET 200 https://registry.npmjs.org/lodash.once 354ms (cache miss)
529 silly packumentCache full:https://registry.npmjs.org/lodash.once set size:undefined disposed:false
530 silly fetch manifest @typescript/typescript-freebsd-x64@7.0.2
531 silly packumentCache full:https://registry.npmjs.org/@typescript%2ftypescript-freebsd-x64 cache-miss
532 http fetch GET 200 https://registry.npmjs.org/lodash.isnumber 317ms (cache miss)
533 silly packumentCache full:https://registry.npmjs.org/lodash.isnumber set size:undefined disposed:false
534 silly fetch manifest @typescript/typescript-linux-arm64@7.0.2
535 silly packumentCache full:https://registry.npmjs.org/@typescript%2ftypescript-linux-arm64 cache-miss
536 http fetch GET 200 https://registry.npmjs.org/lodash.isinteger 259ms (cache miss)
537 silly packumentCache full:https://registry.npmjs.org/lodash.isinteger set size:undefined disposed:false
538 silly fetch manifest @typescript/typescript-linux-ppc64@7.0.2
539 silly packumentCache full:https://registry.npmjs.org/@typescript%2ftypescript-linux-ppc64 cache-miss
540 http fetch GET 200 https://registry.npmjs.org/lodash.isboolean 320ms (cache miss)
541 silly packumentCache full:https://registry.npmjs.org/lodash.isboolean set size:undefined disposed:false
542 silly fetch manifest @typescript/typescript-linux-s390x@7.0.2
543 silly packumentCache full:https://registry.npmjs.org/@typescript%2ftypescript-linux-s390x cache-miss
544 http fetch GET 200 https://registry.npmjs.org/lodash.isstring 326ms (cache miss)
545 silly packumentCache full:https://registry.npmjs.org/lodash.isstring set size:undefined disposed:false
546 silly fetch manifest @typescript/typescript-openbsd-x64@7.0.2
547 silly packumentCache full:https://registry.npmjs.org/@typescript%2ftypescript-openbsd-x64 cache-miss
548 http fetch GET 200 https://registry.npmjs.org/@typescript%2ftypescript-aix-ppc64 269ms (cache miss)
549 silly packumentCache full:https://registry.npmjs.org/@typescript%2ftypescript-aix-ppc64 set size:undefined disposed:false
550 silly fetch manifest @typescript/typescript-win32-arm64@7.0.2
551 silly packumentCache full:https://registry.npmjs.org/@typescript%2ftypescript-win32-arm64 cache-miss
552 http fetch GET 200 https://registry.npmjs.org/lodash.isplainobject 324ms (cache miss)
553 silly packumentCache full:https://registry.npmjs.org/lodash.isplainobject set size:undefined disposed:false
554 silly fetch manifest @typescript/typescript-darwin-arm64@7.0.2
555 silly packumentCache full:https://registry.npmjs.org/@typescript%2ftypescript-darwin-arm64 cache-miss
556 http fetch GET 200 https://registry.npmjs.org/@typescript%2ftypescript-linux-arm64 168ms (cache miss)
557 silly packumentCache full:https://registry.npmjs.org/@typescript%2ftypescript-linux-arm64 set size:undefined disposed:false
558 silly fetch manifest @typescript/typescript-netbsd-arm64@7.0.2
559 silly packumentCache full:https://registry.npmjs.org/@typescript%2ftypescript-netbsd-arm64 cache-miss
560 http fetch GET 200 https://registry.npmjs.org/@typescript%2ftypescript-linux-arm 392ms (cache miss)
561 silly packumentCache full:https://registry.npmjs.org/@typescript%2ftypescript-linux-arm set size:undefined disposed:false
562 silly fetch manifest @typescript/typescript-freebsd-arm64@7.0.2
563 silly packumentCache full:https://registry.npmjs.org/@typescript%2ftypescript-freebsd-arm64 cache-miss
564 http fetch GET 200 https://registry.npmjs.org/@typescript%2ftypescript-sunos-x64 375ms (cache miss)
565 silly packumentCache full:https://registry.npmjs.org/@typescript%2ftypescript-sunos-x64 set size:undefined disposed:false
566 silly fetch manifest @typescript/typescript-linux-loong64@7.0.2
567 silly packumentCache full:https://registry.npmjs.org/@typescript%2ftypescript-linux-loong64 cache-miss
568 http fetch GET 200 https://registry.npmjs.org/@typescript%2ftypescript-linux-x64 397ms (cache miss)
569 silly packumentCache full:https://registry.npmjs.org/@typescript%2ftypescript-linux-x64 set size:undefined disposed:false
570 silly fetch manifest @typescript/typescript-linux-riscv64@7.0.2
571 silly packumentCache full:https://registry.npmjs.org/@typescript%2ftypescript-linux-riscv64 cache-miss
572 http fetch GET 200 https://registry.npmjs.org/@typescript%2ftypescript-netbsd-x64 268ms (cache miss)
573 silly packumentCache full:https://registry.npmjs.org/@typescript%2ftypescript-netbsd-x64 set size:undefined disposed:false
574 silly fetch manifest @typescript/typescript-openbsd-arm64@7.0.2
575 silly packumentCache full:https://registry.npmjs.org/@typescript%2ftypescript-openbsd-arm64 cache-miss
576 http fetch GET 200 https://registry.npmjs.org/@typescript%2ftypescript-freebsd-x64 255ms (cache miss)
577 silly packumentCache full:https://registry.npmjs.org/@typescript%2ftypescript-freebsd-x64 set size:undefined disposed:false
578 silly fetch manifest @typescript/typescript-linux-mips64el@7.0.2
579 silly packumentCache full:https://registry.npmjs.org/@typescript%2ftypescript-linux-mips64el cache-miss
580 http fetch GET 200 https://registry.npmjs.org/@typescript%2ftypescript-openbsd-x64 279ms (cache miss)
581 silly packumentCache full:https://registry.npmjs.org/@typescript%2ftypescript-openbsd-x64 set size:undefined disposed:false
582 http fetch GET 200 https://registry.npmjs.org/@typescript%2ftypescript-netbsd-arm64 143ms (cache miss)
583 silly packumentCache full:https://registry.npmjs.org/@typescript%2ftypescript-netbsd-arm64 set size:undefined disposed:false
584 http fetch GET 200 https://registry.npmjs.org/@typescript%2ftypescript-win32-x64 447ms (cache miss)
585 silly packumentCache full:https://registry.npmjs.org/@typescript%2ftypescript-win32-x64 set size:undefined disposed:false
586 http fetch GET 200 https://registry.npmjs.org/@typescript%2ftypescript-darwin-x64 578ms (cache miss)
587 silly packumentCache full:https://registry.npmjs.org/@typescript%2ftypescript-darwin-x64 set size:undefined disposed:false
588 http fetch GET 200 https://registry.npmjs.org/@typescript%2ftypescript-darwin-arm64 421ms (cache miss)
589 silly packumentCache full:https://registry.npmjs.org/@typescript%2ftypescript-darwin-arm64 set size:undefined disposed:false
590 http fetch GET 200 https://registry.npmjs.org/@typescript%2ftypescript-openbsd-arm64 352ms (cache miss)
591 silly packumentCache full:https://registry.npmjs.org/@typescript%2ftypescript-openbsd-arm64 set size:undefined disposed:false
592 http fetch GET 200 https://registry.npmjs.org/@typescript%2ftypescript-freebsd-arm64 423ms (cache miss)
593 silly packumentCache full:https://registry.npmjs.org/@typescript%2ftypescript-freebsd-arm64 set size:undefined disposed:false
594 http fetch GET 200 https://registry.npmjs.org/@typescript%2ftypescript-linux-loong64 418ms (cache miss)
595 silly packumentCache full:https://registry.npmjs.org/@typescript%2ftypescript-linux-loong64 set size:undefined disposed:false
596 http fetch GET 200 https://registry.npmjs.org/@typescript%2ftypescript-win32-arm64 597ms (cache miss)
597 silly packumentCache full:https://registry.npmjs.org/@typescript%2ftypescript-win32-arm64 set size:undefined disposed:false
598 http fetch GET 200 https://registry.npmjs.org/@typescript%2ftypescript-linux-riscv64 460ms (cache miss)
599 silly packumentCache full:https://registry.npmjs.org/@typescript%2ftypescript-linux-riscv64 set size:undefined disposed:false
600 http fetch GET 200 https://registry.npmjs.org/@typescript%2ftypescript-linux-s390x 698ms (cache miss)
601 silly packumentCache full:https://registry.npmjs.org/@typescript%2ftypescript-linux-s390x set size:undefined disposed:false
602 http fetch GET 200 https://registry.npmjs.org/@typescript%2ftypescript-linux-mips64el 551ms (cache miss)
603 silly packumentCache full:https://registry.npmjs.org/@typescript%2ftypescript-linux-mips64el set size:undefined disposed:false
604 http fetch GET 200 https://registry.npmjs.org/@typescript%2ftypescript-linux-ppc64 892ms (cache miss)
605 silly packumentCache full:https://registry.npmjs.org/@typescript%2ftypescript-linux-ppc64 set size:undefined disposed:false
606 http fetch GET 200 https://registry.npmjs.org/react-router 1174ms (cache miss)
607 silly packumentCache full:https://registry.npmjs.org/react-router set size:undefined disposed:false
608 http fetch GET 200 https://registry.npmjs.org/scheduler 1576ms (cache miss)
609 silly packumentCache full:https://registry.npmjs.org/scheduler set size:undefined disposed:false
610 silly placeDep ROOT @types/body-parser@1.19.6 OK for: @types/express@5.0.6 want: *
611 silly placeDep ROOT @types/express-serve-static-core@5.1.3 OK for: @types/express@5.0.6 want: ^5.0.0
612 silly placeDep ROOT @types/serve-static@2.2.0 OK for: @types/express@5.0.6 want: ^2
613 silly fetch manifest @types/connect@*
614 silly packumentCache full:https://registry.npmjs.org/@types%2fconnect cache-miss
615 silly fetch manifest @types/qs@*
616 silly packumentCache full:https://registry.npmjs.org/@types%2fqs cache-miss
617 silly fetch manifest @types/send@*
618 silly packumentCache full:https://registry.npmjs.org/@types%2fsend cache-miss
619 silly fetch manifest @types/range-parser@*
620 silly packumentCache full:https://registry.npmjs.org/@types%2frange-parser cache-miss
621 silly fetch manifest @types/http-errors@*
622 silly packumentCache full:https://registry.npmjs.org/@types%2fhttp-errors cache-miss
623 http fetch GET 200 https://registry.npmjs.org/@types%2frange-parser 120ms (cache miss)
624 silly packumentCache full:https://registry.npmjs.org/@types%2frange-parser set size:undefined disposed:false
625 http fetch GET 200 https://registry.npmjs.org/@types%2fqs 151ms (cache miss)
626 silly packumentCache full:https://registry.npmjs.org/@types%2fqs set size:undefined disposed:false
627 http fetch GET 200 https://registry.npmjs.org/@types%2fsend 639ms (cache miss)
628 silly packumentCache full:https://registry.npmjs.org/@types%2fsend set size:undefined disposed:false
629 http fetch GET 200 https://registry.npmjs.org/@types%2fhttp-errors 652ms (cache miss)
630 silly packumentCache full:https://registry.npmjs.org/@types%2fhttp-errors set size:undefined disposed:false
631 http fetch GET 200 https://registry.npmjs.org/@types%2fconnect 658ms (cache miss)
632 silly packumentCache full:https://registry.npmjs.org/@types%2fconnect set size:undefined disposed:false
633 silly placeDep ROOT @types/connect@3.4.38 OK for: @types/body-parser@1.19.6 want: *
634 silly placeDep ROOT @types/qs@6.15.1 OK for: @types/express-serve-static-core@5.1.3 want: *
635 silly placeDep ROOT @types/range-parser@1.2.7 OK for: @types/express-serve-static-core@5.1.3 want: *
636 silly placeDep ROOT @types/send@1.2.1 OK for: @types/express-serve-static-core@5.1.3 want: *
637 silly placeDep ROOT @types/ms@2.1.0 OK for: @types/jsonwebtoken@9.0.10 want: *
638 silly placeDep ROOT undici-types@8.9.0 OK for: @types/node@26.5.0 want: ~8.9.0
639 silly placeDep ROOT csstype@3.2.3 OK for: @types/react@19.2.18 want: ^3.2.2
640 silly placeDep ROOT @types/http-errors@2.0.5 OK for: @types/serve-static@2.2.0 want: *
641 silly placeDep ROOT @rolldown/pluginutils@1.0.1 OK for: @vitejs/plugin-react@6.1.1 want: ^1.0.1
642 silly placeDep ROOT node-addon-api@8.9.2 OK for: better-sqlite3@13.0.3 want: ^8.0.0
643 silly placeDep ROOT object-assign@4.1.1 OK for: cors@2.8.6 want: ^4
644 silly placeDep ROOT vary@1.1.2 OK for: cors@2.8.6 want: ^1
645 silly placeDep ROOT accepts@2.0.0 OK for: express@5.2.1 want: ^2.0.0
646 silly placeDep ROOT body-parser@2.3.0 OK for: express@5.2.1 want: ^2.2.1
647 silly placeDep ROOT content-disposition@1.1.0 OK for: express@5.2.1 want: ^1.0.0
648 silly placeDep ROOT content-type@1.0.5 OK for: express@5.2.1 want: ^1.0.5
649 silly placeDep ROOT cookie@0.7.2 OK for: express@5.2.1 want: ^0.7.1
650 silly placeDep ROOT cookie-signature@1.2.2 OK for: express@5.2.1 want: ^1.2.1
651 silly placeDep ROOT debug@4.4.3 OK for: express@5.2.1 want: ^4.4.0
652 silly placeDep ROOT depd@2.0.0 OK for: express@5.2.1 want: ^2.0.0
653 silly placeDep ROOT encodeurl@2.0.0 OK for: express@5.2.1 want: ^2.0.0
654 silly placeDep ROOT escape-html@1.0.3 OK for: express@5.2.1 want: ^1.0.3
655 silly placeDep ROOT etag@1.8.1 OK for: express@5.2.1 want: ^1.8.1
656 silly placeDep ROOT finalhandler@2.1.1 OK for: express@5.2.1 want: ^2.1.0
657 silly placeDep ROOT fresh@2.0.0 OK for: express@5.2.1 want: ^2.0.0
658 silly placeDep ROOT http-errors@2.0.1 OK for: express@5.2.1 want: ^2.0.0
659 silly placeDep ROOT merge-descriptors@2.0.0 OK for: express@5.2.1 want: ^2.0.0
660 silly placeDep ROOT mime-types@3.0.2 OK for: express@5.2.1 want: ^3.0.0
661 silly placeDep ROOT on-finished@2.4.1 OK for: express@5.2.1 want: ^2.4.1
662 silly placeDep ROOT once@1.4.0 OK for: express@5.2.1 want: ^1.4.0
663 silly placeDep ROOT parseurl@1.3.3 OK for: express@5.2.1 want: ^1.3.3
664 silly placeDep ROOT proxy-addr@2.0.7 OK for: express@5.2.1 want: ^2.0.7
665 silly placeDep ROOT qs@6.16.0 OK for: express@5.2.1 want: ^6.14.0
666 silly placeDep ROOT range-parser@1.3.0 OK for: express@5.2.1 want: ^1.2.1
667 silly placeDep ROOT router@2.2.0 OK for: express@5.2.1 want: ^2.2.0
668 silly placeDep ROOT send@1.2.1 OK for: express@5.2.1 want: ^1.1.0
669 silly placeDep ROOT serve-static@2.2.1 OK for: express@5.2.1 want: ^2.2.0
670 silly placeDep ROOT statuses@2.0.2 OK for: express@5.2.1 want: ^2.0.1
671 silly placeDep ROOT type-is@2.1.0 OK for: express@5.2.1 want: ^2.0.1
672 silly fetch manifest negotiator@^1.0.0
673 silly packumentCache full:https://registry.npmjs.org/negotiator cache-miss
674 silly fetch manifest qs@^6.15.2
675 silly packumentCache full:https://registry.npmjs.org/qs cache-miss
676 silly fetch manifest bytes@^3.1.2
677 silly packumentCache full:https://registry.npmjs.org/bytes cache-miss
678 silly fetch manifest type-is@^2.1.0
679 silly packumentCache full:https://registry.npmjs.org/type-is cache-miss
680 silly fetch manifest raw-body@^3.0.2
681 silly packumentCache full:https://registry.npmjs.org/raw-body cache-miss
682 silly fetch manifest iconv-lite@^0.7.2
683 silly packumentCache full:https://registry.npmjs.org/iconv-lite cache-miss
684 silly fetch manifest http-errors@^2.0.1
685 silly packumentCache full:https://registry.npmjs.org/http-errors cache-miss
686 silly fetch manifest content-type@^2.0.0
687 silly packumentCache full:https://registry.npmjs.org/content-type cache-miss
688 silly fetch manifest ms@^2.1.3
689 silly packumentCache full:https://registry.npmjs.org/ms cache-miss
690 silly fetch manifest inherits@~2.0.4
691 silly packumentCache full:https://registry.npmjs.org/inherits cache-miss
692 silly fetch manifest setprototypeof@~1.2.0
693 silly packumentCache full:https://registry.npmjs.org/setprototypeof cache-miss
694 silly fetch manifest statuses@~2.0.2
695 silly packumentCache full:https://registry.npmjs.org/statuses cache-miss
696 silly fetch manifest toidentifier@~1.0.1
697 silly packumentCache full:https://registry.npmjs.org/toidentifier cache-miss
698 silly fetch manifest mime-db@^1.54.0
699 silly packumentCache full:https://registry.npmjs.org/mime-db cache-miss
700 silly fetch manifest ee-first@1.1.1
701 silly packumentCache full:https://registry.npmjs.org/ee-first cache-miss
702 http cache https://registry.npmjs.org/http-errors 21ms (cache hit)
703 silly packumentCache full:https://registry.npmjs.org/http-errors set size:71987 disposed:false
704 silly fetch manifest wrappy@1
705 silly packumentCache full:https://registry.npmjs.org/wrappy cache-miss
706 http cache https://registry.npmjs.org/qs 26ms (cache hit)
707 silly packumentCache full:https://registry.npmjs.org/qs set size:365613 disposed:false
708 silly fetch manifest forwarded@0.2.0
709 silly packumentCache full:https://registry.npmjs.org/forwarded cache-miss
710 http cache https://registry.npmjs.org/statuses 25ms (cache hit)
711 silly packumentCache full:https://registry.npmjs.org/statuses set size:37117 disposed:false
712 silly fetch manifest ipaddr.js@1.9.1
713 silly packumentCache full:https://registry.npmjs.org/ipaddr.js cache-miss
714 http cache https://registry.npmjs.org/content-type 30ms (cache hit)
715 silly packumentCache full:https://registry.npmjs.org/content-type set size:23936 disposed:false
716 silly fetch manifest side-channel@^1.1.1
717 silly packumentCache full:https://registry.npmjs.org/side-channel cache-miss
718 http cache https://registry.npmjs.org/type-is 35ms (cache hit)
719 silly packumentCache full:https://registry.npmjs.org/type-is set size:88614 disposed:false
720 silly fetch manifest es-define-property@^1.0.1
721 silly packumentCache full:https://registry.npmjs.org/es-define-property cache-miss
722 http cache https://registry.npmjs.org/ms 38ms (cache hit)
723 silly packumentCache full:https://registry.npmjs.org/ms set size:92208 disposed:false
724 silly fetch manifest is-promise@^4.0.0
725 silly packumentCache full:https://registry.npmjs.org/is-promise cache-miss
726 http fetch GET 200 https://registry.npmjs.org/inherits 116ms (cache miss)
727 silly packumentCache full:https://registry.npmjs.org/inherits set size:undefined disposed:false
728 silly fetch manifest path-to-regexp@^8.0.0
729 silly packumentCache full:https://registry.npmjs.org/path-to-regexp cache-miss
730 http fetch GET 200 https://registry.npmjs.org/forwarded 112ms (cache miss)
731 silly packumentCache full:https://registry.npmjs.org/forwarded set size:undefined disposed:false
732 silly fetch manifest statuses@^2.0.2
733 silly packumentCache full:https://registry.npmjs.org/statuses cache-hit
734 silly fetch manifest media-typer@^1.1.0
735 silly packumentCache full:https://registry.npmjs.org/media-typer cache-miss
736 http fetch GET 200 https://registry.npmjs.org/wrappy 124ms (cache miss)
737 silly packumentCache full:https://registry.npmjs.org/wrappy set size:undefined disposed:false
738 http fetch GET 200 https://registry.npmjs.org/ee-first 142ms (cache miss)
739 silly packumentCache full:https://registry.npmjs.org/ee-first set size:undefined disposed:false
740 http fetch GET 200 https://registry.npmjs.org/ipaddr.js 158ms (cache miss)
741 silly packumentCache full:https://registry.npmjs.org/ipaddr.js set size:undefined disposed:false
742 http fetch GET 200 https://registry.npmjs.org/path-to-regexp 135ms (cache miss)
743 silly packumentCache full:https://registry.npmjs.org/path-to-regexp set size:undefined disposed:false
744 http fetch GET 200 https://registry.npmjs.org/bytes 405ms (cache miss)
745 silly packumentCache full:https://registry.npmjs.org/bytes set size:undefined disposed:false
746 http fetch GET 200 https://registry.npmjs.org/negotiator 407ms (cache miss)
747 silly packumentCache full:https://registry.npmjs.org/negotiator set size:undefined disposed:false
748 http fetch GET 200 https://registry.npmjs.org/setprototypeof 421ms (cache miss)
749 silly packumentCache full:https://registry.npmjs.org/setprototypeof set size:undefined disposed:false
750 http fetch GET 200 https://registry.npmjs.org/toidentifier 422ms (cache miss)
751 silly packumentCache full:https://registry.npmjs.org/toidentifier set size:undefined disposed:false
752 http fetch GET 200 https://registry.npmjs.org/iconv-lite 427ms (cache miss)
753 silly packumentCache full:https://registry.npmjs.org/iconv-lite set size:undefined disposed:false
754 http fetch GET 200 https://registry.npmjs.org/raw-body 431ms (cache miss)
755 silly packumentCache full:https://registry.npmjs.org/raw-body set size:undefined disposed:false
756 http fetch GET 200 https://registry.npmjs.org/media-typer 299ms (cache miss)
757 silly packumentCache full:https://registry.npmjs.org/media-typer set size:undefined disposed:false
758 http fetch GET 200 https://registry.npmjs.org/mime-db 446ms (cache miss)
759 silly packumentCache full:https://registry.npmjs.org/mime-db set size:undefined disposed:false
760 http fetch GET 200 https://registry.npmjs.org/side-channel 468ms (cache miss)
761 silly packumentCache full:https://registry.npmjs.org/side-channel set size:undefined disposed:false
762 http fetch GET 200 https://registry.npmjs.org/es-define-property 482ms (cache miss)
763 silly packumentCache full:https://registry.npmjs.org/es-define-property set size:undefined disposed:false
764 http fetch GET 200 https://registry.npmjs.org/is-promise 495ms (cache miss)
765 silly packumentCache full:https://registry.npmjs.org/is-promise set size:undefined disposed:false
766 silly placeDep ROOT negotiator@1.1.0 OK for: accepts@2.0.0 want: ^1.0.0
767 silly fetch manifest content-type@^2.1.0
768 silly packumentCache full:https://registry.npmjs.org/content-type cache-hit
769 silly placeDep ROOT bytes@3.1.2 OK for: body-parser@2.3.0 want: ^3.1.2
770 silly placeDep node_modules/body-parser content-type@2.1.0 OK for: body-parser@2.3.0 want: ^2.0.0
771 silly placeDep ROOT iconv-lite@0.7.3 OK for: body-parser@2.3.0 want: ^0.7.2
772 silly placeDep ROOT raw-body@3.0.2 OK for: body-parser@2.3.0 want: ^3.0.2
773 silly fetch manifest safer-buffer@>= 2.1.2 < 3.0.0
774 silly packumentCache full:https://registry.npmjs.org/safer-buffer cache-miss
775 silly fetch manifest unpipe@~1.0.0
776 silly packumentCache full:https://registry.npmjs.org/unpipe cache-miss
777 http fetch GET 200 https://registry.npmjs.org/unpipe 83ms (cache miss)
778 silly packumentCache full:https://registry.npmjs.org/unpipe set size:undefined disposed:false
779 http fetch GET 200 https://registry.npmjs.org/safer-buffer 93ms (cache miss)
780 silly packumentCache full:https://registry.npmjs.org/safer-buffer set size:undefined disposed:false
781 silly placeDep ROOT ms@2.1.3 OK for: debug@4.4.3 want: ^2.1.3
782 silly placeDep ROOT ip-address@10.7.0 OK for: express-rate-limit@8.7.0 want: ^10.2.0
783 silly placeDep ROOT inherits@2.0.4 OK for: http-errors@2.0.1 want: ~2.0.4
784 silly placeDep ROOT setprototypeof@1.2.0 OK for: http-errors@2.0.1 want: ~1.2.0
785 silly placeDep ROOT toidentifier@1.0.1 OK for: http-errors@2.0.1 want: ~1.0.1
786 silly placeDep ROOT safer-buffer@2.1.2 OK for: iconv-lite@0.7.3 want: >= 2.1.2 < 3.0.0
787 silly placeDep ROOT jws@4.0.1 OK for: jsonwebtoken@9.0.3 want: ^4.0.1
788 silly placeDep ROOT lodash.includes@4.3.0 OK for: jsonwebtoken@9.0.3 want: ^4.3.0
789 silly placeDep ROOT lodash.isboolean@3.0.3 OK for: jsonwebtoken@9.0.3 want: ^3.0.3
790 silly placeDep ROOT lodash.isinteger@4.0.4 OK for: jsonwebtoken@9.0.3 want: ^4.0.4
791 silly placeDep ROOT lodash.isnumber@3.0.3 OK for: jsonwebtoken@9.0.3 want: ^3.0.3
792 silly placeDep ROOT lodash.isplainobject@4.0.6 OK for: jsonwebtoken@9.0.3 want: ^4.0.6
793 silly placeDep ROOT lodash.isstring@4.0.1 OK for: jsonwebtoken@9.0.3 want: ^4.0.1
794 silly placeDep ROOT lodash.once@4.1.1 OK for: jsonwebtoken@9.0.3 want: ^4.0.0
795 silly placeDep ROOT semver@7.8.5 OK for: jsonwebtoken@9.0.3 want: ^7.5.4
796 silly fetch manifest jwa@^2.0.1
797 silly packumentCache full:https://registry.npmjs.org/jwa cache-miss
798 silly fetch manifest safe-buffer@^5.0.1
799 silly packumentCache full:https://registry.npmjs.org/safe-buffer cache-miss
800 http fetch GET 200 https://registry.npmjs.org/safe-buffer 90ms (cache miss)
801 silly packumentCache full:https://registry.npmjs.org/safe-buffer set size:undefined disposed:false
802 http fetch GET 200 https://registry.npmjs.org/jwa 95ms (cache miss)
803 silly packumentCache full:https://registry.npmjs.org/jwa set size:undefined disposed:false
804 silly placeDep ROOT jwa@2.0.1 OK for: jws@4.0.1 want: ^2.0.1
805 silly placeDep ROOT safe-buffer@5.2.1 OK for: jws@4.0.1 want: ^5.0.1
806 silly fetch manifest ecdsa-sig-formatter@1.0.11
807 silly packumentCache full:https://registry.npmjs.org/ecdsa-sig-formatter cache-miss
808 silly fetch manifest buffer-equal-constant-time@^1.0.1
809 silly packumentCache full:https://registry.npmjs.org/buffer-equal-constant-time cache-miss
810 http fetch GET 200 https://registry.npmjs.org/ecdsa-sig-formatter 413ms (cache miss)
811 silly packumentCache full:https://registry.npmjs.org/ecdsa-sig-formatter set size:undefined disposed:false
812 http fetch GET 200 https://registry.npmjs.org/buffer-equal-constant-time 423ms (cache miss)
813 silly packumentCache full:https://registry.npmjs.org/buffer-equal-constant-time set size:undefined disposed:false
814 silly placeDep ROOT buffer-equal-constant-time@1.0.1 OK for: jwa@2.0.1 want: ^1.0.1
815 silly placeDep ROOT ecdsa-sig-formatter@1.0.11 OK for: jwa@2.0.1 want: 1.0.11
816 silly placeDep ROOT mime-db@1.54.0 OK for: mime-types@3.0.2 want: ^1.54.0
817 silly placeDep node_modules/negotiator content-type@2.1.0 OK for: negotiator@1.1.0 want: ^2.1.0
818 silly placeDep ROOT ee-first@1.1.1 OK for: on-finished@2.4.1 want: 1.1.1
819 silly placeDep ROOT wrappy@1.0.2 OK for: once@1.4.0 want: 1
820 silly placeDep ROOT forwarded@0.2.0 OK for: proxy-addr@2.0.7 want: 0.2.0
821 silly placeDep ROOT ipaddr.js@1.9.1 OK for: proxy-addr@2.0.7 want: 1.9.1
822 silly placeDep ROOT es-define-property@1.0.1 OK for: qs@6.16.0 want: ^1.0.1
823 silly placeDep ROOT side-channel@1.1.1 OK for: qs@6.16.0 want: ^1.1.1
824 silly fetch manifest es-errors@^1.3.0
825 silly packumentCache full:https://registry.npmjs.org/es-errors cache-miss
826 silly fetch manifest object-inspect@^1.13.4
827 silly packumentCache full:https://registry.npmjs.org/object-inspect cache-miss
828 silly fetch manifest side-channel-list@^1.0.1
829 silly packumentCache full:https://registry.npmjs.org/side-channel-list cache-miss
830 silly fetch manifest side-channel-map@^1.0.1
831 silly packumentCache full:https://registry.npmjs.org/side-channel-map cache-miss
832 silly fetch manifest side-channel-weakmap@^1.0.2
833 silly packumentCache full:https://registry.npmjs.org/side-channel-weakmap cache-miss
834 http fetch GET 200 https://registry.npmjs.org/side-channel-list 83ms (cache miss)
835 silly packumentCache full:https://registry.npmjs.org/side-channel-list set size:undefined disposed:false
836 http fetch GET 200 https://registry.npmjs.org/es-errors 100ms (cache miss)
837 silly packumentCache full:https://registry.npmjs.org/es-errors set size:undefined disposed:false
838 http fetch GET 200 https://registry.npmjs.org/side-channel-weakmap 99ms (cache miss)
839 silly packumentCache full:https://registry.npmjs.org/side-channel-weakmap set size:undefined disposed:false
840 http fetch GET 200 https://registry.npmjs.org/object-inspect 121ms (cache miss)
841 silly packumentCache full:https://registry.npmjs.org/object-inspect set size:undefined disposed:false
842 http fetch GET 200 https://registry.npmjs.org/side-channel-map 122ms (cache miss)
843 silly packumentCache full:https://registry.npmjs.org/side-channel-map set size:undefined disposed:false
844 silly placeDep ROOT unpipe@1.0.0 OK for: raw-body@3.0.2 want: ~1.0.0
845 silly placeDep ROOT scheduler@0.27.0 OK for: react-dom@19.2.8 want: ^0.27.0
846 silly fetch manifest react@>=18
847 silly packumentCache full:https://registry.npmjs.org/react cache-miss
848 http cache https://registry.npmjs.org/react 17ms (cache hit)
849 silly packumentCache full:https://registry.npmjs.org/react set size:6956072 disposed:false
850 silly fetch manifest react-dom@>=18
851 silly packumentCache full:https://registry.npmjs.org/react-dom cache-miss
852 http cache https://registry.npmjs.org/react-dom 29ms (cache hit)
853 silly packumentCache full:https://registry.npmjs.org/react-dom set size:9359832 disposed:false
854 silly placeDep ROOT react-router@7.18.3 OK for: react-router-dom@7.18.3 want: 7.18.3
855 silly fetch manifest cookie@^1.0.1
856 silly packumentCache full:https://registry.npmjs.org/cookie cache-miss
857 silly fetch manifest set-cookie-parser@^2.6.0
858 silly packumentCache full:https://registry.npmjs.org/set-cookie-parser cache-miss
859 http cache https://registry.npmjs.org/cookie 6ms (cache hit)
860 silly packumentCache full:https://registry.npmjs.org/cookie set size:78274 disposed:false
861 http fetch GET 200 https://registry.npmjs.org/set-cookie-parser 113ms (cache miss)
862 silly packumentCache full:https://registry.npmjs.org/set-cookie-parser set size:undefined disposed:false
863 silly placeDep node_modules/react-router cookie@1.1.1 OK for: react-router@7.18.3 want: ^1.0.1
864 silly placeDep ROOT set-cookie-parser@2.7.2 OK for: react-router@7.18.3 want: ^2.6.0
865 silly placeDep ROOT is-promise@4.0.0 OK for: router@2.2.0 want: ^4.0.0
866 silly placeDep ROOT path-to-regexp@8.4.2 OK for: router@2.2.0 want: ^8.0.0
867 silly placeDep ROOT es-errors@1.3.0 OK for: side-channel@1.1.1 want: ^1.3.0
868 silly placeDep ROOT object-inspect@1.13.4 OK for: side-channel@1.1.1 want: ^1.13.4
869 silly placeDep ROOT side-channel-list@1.0.1 OK for: side-channel@1.1.1 want: ^1.0.1
870 silly placeDep ROOT side-channel-map@1.0.1 OK for: side-channel@1.1.1 want: ^1.0.1
871 silly placeDep ROOT side-channel-weakmap@1.0.2 OK for: side-channel@1.1.1 want: ^1.0.2
872 silly fetch manifest call-bound@^1.0.2
873 silly packumentCache full:https://registry.npmjs.org/call-bound cache-miss
874 silly fetch manifest get-intrinsic@^1.2.5
875 silly packumentCache full:https://registry.npmjs.org/get-intrinsic cache-miss
876 silly fetch manifest call-bound@^1.0.2
877 silly packumentCache full:https://registry.npmjs.org/call-bound cache-miss
878 silly fetch manifest get-intrinsic@^1.2.5
879 silly packumentCache full:https://registry.npmjs.org/get-intrinsic cache-miss
880 http fetch GET 200 https://registry.npmjs.org/get-intrinsic 113ms (cache miss)
881 silly packumentCache full:https://registry.npmjs.org/get-intrinsic set size:undefined disposed:false
882 http fetch GET 200 https://registry.npmjs.org/get-intrinsic 120ms (cache miss)
883 silly packumentCache full:https://registry.npmjs.org/get-intrinsic set size:undefined disposed:false
884 http fetch GET 200 https://registry.npmjs.org/call-bound 226ms (cache miss)
885 silly packumentCache full:https://registry.npmjs.org/call-bound set size:undefined disposed:false
886 http fetch GET 200 https://registry.npmjs.org/call-bound 382ms (cache miss)
887 silly packumentCache full:https://registry.npmjs.org/call-bound set size:undefined disposed:false
888 silly placeDep ROOT call-bound@1.0.4 OK for: side-channel-map@1.0.1 want: ^1.0.2
889 silly placeDep ROOT get-intrinsic@1.3.0 OK for: side-channel-map@1.0.1 want: ^1.2.5
890 silly fetch manifest call-bind-apply-helpers@^1.0.2
891 silly packumentCache full:https://registry.npmjs.org/call-bind-apply-helpers cache-miss
892 silly fetch manifest get-intrinsic@^1.3.0
893 silly packumentCache full:https://registry.npmjs.org/get-intrinsic cache-miss
894 silly fetch manifest gopd@^1.2.0
895 silly packumentCache full:https://registry.npmjs.org/gopd cache-miss
896 silly fetch manifest hasown@^2.0.2
897 silly packumentCache full:https://registry.npmjs.org/hasown cache-miss
898 silly fetch manifest get-proto@^1.0.1
899 silly packumentCache full:https://registry.npmjs.org/get-proto cache-miss
900 silly fetch manifest has-symbols@^1.1.0
901 silly packumentCache full:https://registry.npmjs.org/has-symbols cache-miss
902 silly fetch manifest function-bind@^1.1.2
903 silly packumentCache full:https://registry.npmjs.org/function-bind cache-miss
904 silly fetch manifest es-object-atoms@^1.1.1
905 silly packumentCache full:https://registry.npmjs.org/es-object-atoms cache-miss
906 silly fetch manifest math-intrinsics@^1.1.0
907 silly packumentCache full:https://registry.npmjs.org/math-intrinsics cache-miss
908 silly fetch manifest call-bind-apply-helpers@^1.0.2
909 silly packumentCache full:https://registry.npmjs.org/call-bind-apply-helpers cache-miss
910 http cache https://registry.npmjs.org/get-intrinsic 17ms (cache hit)
911 silly packumentCache full:https://registry.npmjs.org/get-intrinsic set size:60985 disposed:false
912 http fetch GET 200 https://registry.npmjs.org/get-proto 117ms (cache miss)
913 silly packumentCache full:https://registry.npmjs.org/get-proto set size:undefined disposed:false
914 http fetch GET 200 https://registry.npmjs.org/math-intrinsics 117ms (cache miss)
915 silly packumentCache full:https://registry.npmjs.org/math-intrinsics set size:undefined disposed:false
916 http fetch GET 200 https://registry.npmjs.org/gopd 135ms (cache miss)
917 silly packumentCache full:https://registry.npmjs.org/gopd set size:undefined disposed:false
918 http fetch GET 200 https://registry.npmjs.org/hasown 137ms (cache miss)
919 silly packumentCache full:https://registry.npmjs.org/hasown set size:undefined disposed:false
920 http fetch GET 200 https://registry.npmjs.org/call-bind-apply-helpers 139ms (cache miss)
921 silly packumentCache full:https://registry.npmjs.org/call-bind-apply-helpers set size:undefined disposed:false
922 http fetch GET 200 https://registry.npmjs.org/es-object-atoms 290ms (cache miss)
923 silly packumentCache full:https://registry.npmjs.org/es-object-atoms set size:undefined disposed:false
924 http fetch GET 200 https://registry.npmjs.org/function-bind 297ms (cache miss)
925 silly packumentCache full:https://registry.npmjs.org/function-bind set size:undefined disposed:false
926 http fetch GET 200 https://registry.npmjs.org/has-symbols 301ms (cache miss)
927 silly packumentCache full:https://registry.npmjs.org/has-symbols set size:undefined disposed:false
928 http fetch GET 200 https://registry.npmjs.org/call-bind-apply-helpers 676ms (cache miss)
929 silly packumentCache full:https://registry.npmjs.org/call-bind-apply-helpers set size:undefined disposed:false
930 silly placeDep ROOT call-bind-apply-helpers@1.0.2 OK for: call-bound@1.0.4 want: ^1.0.2
931 silly placeDep ROOT function-bind@1.1.2 OK for: call-bind-apply-helpers@1.0.2 want: ^1.1.2
932 silly placeDep ROOT es-object-atoms@1.1.2 OK for: get-intrinsic@1.3.0 want: ^1.1.1
933 silly placeDep ROOT get-proto@1.0.1 OK for: get-intrinsic@1.3.0 want: ^1.0.1
934 silly placeDep ROOT gopd@1.2.0 OK for: get-intrinsic@1.3.0 want: ^1.2.0
935 silly placeDep ROOT has-symbols@1.1.0 OK for: get-intrinsic@1.3.0 want: ^1.1.0
936 silly placeDep ROOT hasown@2.0.4 OK for: get-intrinsic@1.3.0 want: ^2.0.2
937 silly placeDep ROOT math-intrinsics@1.1.0 OK for: get-intrinsic@1.3.0 want: ^1.1.0
938 silly fetch manifest dunder-proto@^1.0.1
939 silly packumentCache full:https://registry.npmjs.org/dunder-proto cache-miss
940 http fetch GET 200 https://registry.npmjs.org/dunder-proto 103ms (cache miss)
941 silly packumentCache full:https://registry.npmjs.org/dunder-proto set size:undefined disposed:false
942 silly placeDep ROOT dunder-proto@1.0.1 OK for: get-proto@1.0.1 want: ^1.0.1
943 silly placeDep ROOT esbuild@0.28.2 OK for: tsx@4.23.13 want: ~0.28.0
944 silly placeDep ROOT fsevents@2.3.3 OK for: tsx@4.23.13 want: ~2.3.3
945 silly fetch manifest @esbuild/aix-ppc64@0.28.2
946 silly packumentCache full:https://registry.npmjs.org/@esbuild%2faix-ppc64 cache-miss
947 silly fetch manifest @esbuild/linux-arm@0.28.2
948 silly packumentCache full:https://registry.npmjs.org/@esbuild%2flinux-arm cache-miss
949 silly fetch manifest @esbuild/linux-x64@0.28.2
950 silly packumentCache full:https://registry.npmjs.org/@esbuild%2flinux-x64 cache-miss
951 silly fetch manifest @esbuild/sunos-x64@0.28.2
952 silly packumentCache full:https://registry.npmjs.org/@esbuild%2fsunos-x64 cache-miss
953 silly fetch manifest @esbuild/win32-x64@0.28.2
954 silly packumentCache full:https://registry.npmjs.org/@esbuild%2fwin32-x64 cache-miss
955 silly fetch manifest @esbuild/darwin-x64@0.28.2
956 silly packumentCache full:https://registry.npmjs.org/@esbuild%2fdarwin-x64 cache-miss
957 silly fetch manifest @esbuild/linux-ia32@0.28.2
958 silly packumentCache full:https://registry.npmjs.org/@esbuild%2flinux-ia32 cache-miss
959 silly fetch manifest @esbuild/netbsd-x64@0.28.2
960 silly packumentCache full:https://registry.npmjs.org/@esbuild%2fnetbsd-x64 cache-miss
961 silly fetch manifest @esbuild/win32-ia32@0.28.2
962 silly packumentCache full:https://registry.npmjs.org/@esbuild%2fwin32-ia32 cache-miss
963 silly fetch manifest @esbuild/android-arm@0.28.2
964 silly packumentCache full:https://registry.npmjs.org/@esbuild%2fandroid-arm cache-miss
965 silly fetch manifest @esbuild/android-x64@0.28.2
966 silly packumentCache full:https://registry.npmjs.org/@esbuild%2fandroid-x64 cache-miss
967 silly fetch manifest @esbuild/freebsd-x64@0.28.2
968 silly packumentCache full:https://registry.npmjs.org/@esbuild%2ffreebsd-x64 cache-miss
969 silly fetch manifest @esbuild/linux-arm64@0.28.2
970 silly packumentCache full:https://registry.npmjs.org/@esbuild%2flinux-arm64 cache-miss
971 silly fetch manifest @esbuild/linux-ppc64@0.28.2
972 silly packumentCache full:https://registry.npmjs.org/@esbuild%2flinux-ppc64 cache-miss
973 silly fetch manifest @esbuild/linux-s390x@0.28.2
974 silly packumentCache full:https://registry.npmjs.org/@esbuild%2flinux-s390x cache-miss
975 http fetch GET 200 https://registry.npmjs.org/@esbuild%2flinux-x64 170ms (cache miss)
976 silly packumentCache full:https://registry.npmjs.org/@esbuild%2flinux-x64 set size:undefined disposed:false
977 silly fetch manifest @esbuild/openbsd-x64@0.28.2
978 silly packumentCache full:https://registry.npmjs.org/@esbuild%2fopenbsd-x64 cache-miss
979 http fetch GET 200 https://registry.npmjs.org/@esbuild%2flinux-ia32 225ms (cache miss)
980 silly packumentCache full:https://registry.npmjs.org/@esbuild%2flinux-ia32 set size:undefined disposed:false
981 silly fetch manifest @esbuild/win32-arm64@0.28.2
982 silly packumentCache full:https://registry.npmjs.org/@esbuild%2fwin32-arm64 cache-miss
983 http fetch GET 200 https://registry.npmjs.org/@esbuild%2fdarwin-x64 229ms (cache miss)
984 silly packumentCache full:https://registry.npmjs.org/@esbuild%2fdarwin-x64 set size:undefined disposed:false
985 silly fetch manifest @esbuild/darwin-arm64@0.28.2
986 silly packumentCache full:https://registry.npmjs.org/@esbuild%2fdarwin-arm64 cache-miss
987 http fetch GET 200 https://registry.npmjs.org/@esbuild%2flinux-arm 299ms (cache miss)
988 silly packumentCache full:https://registry.npmjs.org/@esbuild%2flinux-arm set size:undefined disposed:false
989 silly fetch manifest @esbuild/netbsd-arm64@0.28.2
990 silly packumentCache full:https://registry.npmjs.org/@esbuild%2fnetbsd-arm64 cache-miss
991 http fetch GET 200 https://registry.npmjs.org/@esbuild%2fnetbsd-x64 301ms (cache miss)
992 silly packumentCache full:https://registry.npmjs.org/@esbuild%2fnetbsd-x64 set size:undefined disposed:false
993 silly fetch manifest @esbuild/android-arm64@0.28.2
994 silly packumentCache full:https://registry.npmjs.org/@esbuild%2fandroid-arm64 cache-miss
995 http fetch GET 200 https://registry.npmjs.org/@esbuild%2fwin32-ia32 332ms (cache miss)
996 silly packumentCache full:https://registry.npmjs.org/@esbuild%2fwin32-ia32 set size:undefined disposed:false
997 silly fetch manifest @esbuild/freebsd-arm64@0.28.2
998 silly packumentCache full:https://registry.npmjs.org/@esbuild%2ffreebsd-arm64 cache-miss
999 http fetch GET 200 https://registry.npmjs.org/@esbuild%2fandroid-arm 339ms (cache miss)
1000 silly packumentCache full:https://registry.npmjs.org/@esbuild%2fandroid-arm set size:undefined disposed:false
1001 silly fetch manifest @esbuild/linux-loong64@0.28.2
1002 silly packumentCache full:https://registry.npmjs.org/@esbuild%2flinux-loong64 cache-miss
1003 http fetch GET 200 https://registry.npmjs.org/@esbuild%2faix-ppc64 353ms (cache miss)
1004 silly packumentCache full:https://registry.npmjs.org/@esbuild%2faix-ppc64 set size:undefined disposed:false
1005 silly fetch manifest @esbuild/linux-riscv64@0.28.2
1006 silly packumentCache full:https://registry.npmjs.org/@esbuild%2flinux-riscv64 cache-miss
1007 http fetch GET 200 https://registry.npmjs.org/@esbuild%2fsunos-x64 355ms (cache miss)
1008 silly packumentCache full:https://registry.npmjs.org/@esbuild%2fsunos-x64 set size:undefined disposed:false
1009 silly fetch manifest @esbuild/openbsd-arm64@0.28.2
1010 silly packumentCache full:https://registry.npmjs.org/@esbuild%2fopenbsd-arm64 cache-miss
1011 http fetch GET 200 https://registry.npmjs.org/@esbuild%2flinux-s390x 376ms (cache miss)
1012 silly packumentCache full:https://registry.npmjs.org/@esbuild%2flinux-s390x set size:undefined disposed:false
1013 silly fetch manifest @esbuild/linux-mips64el@0.28.2
1014 silly packumentCache full:https://registry.npmjs.org/@esbuild%2flinux-mips64el cache-miss
1015 http fetch GET 200 https://registry.npmjs.org/@esbuild%2flinux-ppc64 381ms (cache miss)
1016 silly packumentCache full:https://registry.npmjs.org/@esbuild%2flinux-ppc64 set size:undefined disposed:false
1017 silly fetch manifest @esbuild/openharmony-arm64@0.28.2
1018 silly packumentCache full:https://registry.npmjs.org/@esbuild%2fopenharmony-arm64 cache-miss
1019 http fetch GET 200 https://registry.npmjs.org/@esbuild%2fwin32-x64 388ms (cache miss)
1020 silly packumentCache full:https://registry.npmjs.org/@esbuild%2fwin32-x64 set size:undefined disposed:false
1021 http fetch GET 200 https://registry.npmjs.org/@esbuild%2ffreebsd-x64 388ms (cache miss)
1022 silly packumentCache full:https://registry.npmjs.org/@esbuild%2ffreebsd-x64 set size:undefined disposed:false
1023 http fetch GET 200 https://registry.npmjs.org/@esbuild%2fandroid-x64 390ms (cache miss)
1024 silly packumentCache full:https://registry.npmjs.org/@esbuild%2fandroid-x64 set size:undefined disposed:false
1025 http fetch GET 200 https://registry.npmjs.org/@esbuild%2flinux-arm64 391ms (cache miss)
1026 silly packumentCache full:https://registry.npmjs.org/@esbuild%2flinux-arm64 set size:undefined disposed:false
1027 http fetch GET 200 https://registry.npmjs.org/@esbuild%2fopenbsd-x64 225ms (cache miss)
1028 silly packumentCache full:https://registry.npmjs.org/@esbuild%2fopenbsd-x64 set size:undefined disposed:false
1029 http fetch GET 200 https://registry.npmjs.org/@esbuild%2fdarwin-arm64 176ms (cache miss)
1030 silly packumentCache full:https://registry.npmjs.org/@esbuild%2fdarwin-arm64 set size:undefined disposed:false
1031 http fetch GET 200 https://registry.npmjs.org/@esbuild%2fwin32-arm64 185ms (cache miss)
1032 silly packumentCache full:https://registry.npmjs.org/@esbuild%2fwin32-arm64 set size:undefined disposed:false
1033 http fetch GET 200 https://registry.npmjs.org/@esbuild%2fnetbsd-arm64 142ms (cache miss)
1034 silly packumentCache full:https://registry.npmjs.org/@esbuild%2fnetbsd-arm64 set size:undefined disposed:false
1035 http fetch GET 200 https://registry.npmjs.org/@esbuild%2ffreebsd-arm64 149ms (cache miss)
1036 silly packumentCache full:https://registry.npmjs.org/@esbuild%2ffreebsd-arm64 set size:undefined disposed:false
1037 http fetch GET 200 https://registry.npmjs.org/@esbuild%2fandroid-arm64 186ms (cache miss)
1038 silly packumentCache full:https://registry.npmjs.org/@esbuild%2fandroid-arm64 set size:undefined disposed:false
1039 http fetch GET 200 https://registry.npmjs.org/@esbuild%2fopenbsd-arm64 134ms (cache miss)
1040 silly packumentCache full:https://registry.npmjs.org/@esbuild%2fopenbsd-arm64 set size:undefined disposed:false
1041 http fetch GET 200 https://registry.npmjs.org/@esbuild%2flinux-riscv64 201ms (cache miss)
1042 silly packumentCache full:https://registry.npmjs.org/@esbuild%2flinux-riscv64 set size:undefined disposed:false
1043 http fetch GET 200 https://registry.npmjs.org/@esbuild%2flinux-loong64 292ms (cache miss)
1044 silly packumentCache full:https://registry.npmjs.org/@esbuild%2flinux-loong64 set size:undefined disposed:false
1045 http fetch GET 200 https://registry.npmjs.org/@esbuild%2fopenharmony-arm64 261ms (cache miss)
1046 silly packumentCache full:https://registry.npmjs.org/@esbuild%2fopenharmony-arm64 set size:undefined disposed:false
1047 http fetch GET 200 https://registry.npmjs.org/@esbuild%2flinux-mips64el 283ms (cache miss)
1048 silly packumentCache full:https://registry.npmjs.org/@esbuild%2flinux-mips64el set size:undefined disposed:false
1049 silly placeDep ROOT @esbuild/aix-ppc64@0.28.2 OK for: esbuild@0.28.2 want: 0.28.2
1050 silly placeDep ROOT @esbuild/android-arm@0.28.2 OK for: esbuild@0.28.2 want: 0.28.2
1051 silly placeDep ROOT @esbuild/android-arm64@0.28.2 OK for: esbuild@0.28.2 want: 0.28.2
1052 silly placeDep ROOT @esbuild/android-x64@0.28.2 OK for: esbuild@0.28.2 want: 0.28.2
1053 silly placeDep ROOT @esbuild/darwin-arm64@0.28.2 OK for: esbuild@0.28.2 want: 0.28.2
1054 silly placeDep ROOT @esbuild/darwin-x64@0.28.2 OK for: esbuild@0.28.2 want: 0.28.2
1055 silly placeDep ROOT @esbuild/freebsd-arm64@0.28.2 OK for: esbuild@0.28.2 want: 0.28.2
1056 silly placeDep ROOT @esbuild/freebsd-x64@0.28.2 OK for: esbuild@0.28.2 want: 0.28.2
1057 silly placeDep ROOT @esbuild/linux-arm@0.28.2 OK for: esbuild@0.28.2 want: 0.28.2
1058 silly placeDep ROOT @esbuild/linux-arm64@0.28.2 OK for: esbuild@0.28.2 want: 0.28.2
1059 silly placeDep ROOT @esbuild/linux-ia32@0.28.2 OK for: esbuild@0.28.2 want: 0.28.2
1060 silly placeDep ROOT @esbuild/linux-loong64@0.28.2 OK for: esbuild@0.28.2 want: 0.28.2
1061 silly placeDep ROOT @esbuild/linux-mips64el@0.28.2 OK for: esbuild@0.28.2 want: 0.28.2
1062 silly placeDep ROOT @esbuild/linux-ppc64@0.28.2 OK for: esbuild@0.28.2 want: 0.28.2
1063 silly placeDep ROOT @esbuild/linux-riscv64@0.28.2 OK for: esbuild@0.28.2 want: 0.28.2
1064 silly placeDep ROOT @esbuild/linux-s390x@0.28.2 OK for: esbuild@0.28.2 want: 0.28.2
1065 silly placeDep ROOT @esbuild/linux-x64@0.28.2 OK for: esbuild@0.28.2 want: 0.28.2
1066 silly placeDep ROOT @esbuild/netbsd-arm64@0.28.2 OK for: esbuild@0.28.2 want: 0.28.2
1067 silly placeDep ROOT @esbuild/netbsd-x64@0.28.2 OK for: esbuild@0.28.2 want: 0.28.2
1068 silly placeDep ROOT @esbuild/openbsd-arm64@0.28.2 OK for: esbuild@0.28.2 want: 0.28.2
1069 silly placeDep ROOT @esbuild/openbsd-x64@0.28.2 OK for: esbuild@0.28.2 want: 0.28.2
1070 silly placeDep ROOT @esbuild/openharmony-arm64@0.28.2 OK for: esbuild@0.28.2 want: 0.28.2
1071 silly placeDep ROOT @esbuild/sunos-x64@0.28.2 OK for: esbuild@0.28.2 want: 0.28.2
1072 silly placeDep ROOT @esbuild/win32-arm64@0.28.2 OK for: esbuild@0.28.2 want: 0.28.2
1073 silly placeDep ROOT @esbuild/win32-ia32@0.28.2 OK for: esbuild@0.28.2 want: 0.28.2
1074 silly placeDep ROOT @esbuild/win32-x64@0.28.2 OK for: esbuild@0.28.2 want: 0.28.2
1075 silly placeDep node_modules/type-is content-type@2.1.0 OK for: type-is@2.1.0 want: ^2.0.0
1076 silly placeDep ROOT media-typer@1.1.1 OK for: type-is@2.1.0 want: ^1.1.0
1077 silly placeDep ROOT @typescript/typescript-aix-ppc64@7.0.2 OK for: typescript@7.0.2 want: 7.0.2
1078 silly placeDep ROOT @typescript/typescript-darwin-arm64@7.0.2 OK for: typescript@7.0.2 want: 7.0.2
1079 silly placeDep ROOT @typescript/typescript-darwin-x64@7.0.2 OK for: typescript@7.0.2 want: 7.0.2
1080 silly placeDep ROOT @typescript/typescript-freebsd-arm64@7.0.2 OK for: typescript@7.0.2 want: 7.0.2
1081 silly placeDep ROOT @typescript/typescript-freebsd-x64@7.0.2 OK for: typescript@7.0.2 want: 7.0.2
1082 silly placeDep ROOT @typescript/typescript-linux-arm@7.0.2 OK for: typescript@7.0.2 want: 7.0.2
1083 silly placeDep ROOT @typescript/typescript-linux-arm64@7.0.2 OK for: typescript@7.0.2 want: 7.0.2
1084 silly placeDep ROOT @typescript/typescript-linux-loong64@7.0.2 OK for: typescript@7.0.2 want: 7.0.2
1085 silly placeDep ROOT @typescript/typescript-linux-mips64el@7.0.2 OK for: typescript@7.0.2 want: 7.0.2
1086 silly placeDep ROOT @typescript/typescript-linux-ppc64@7.0.2 OK for: typescript@7.0.2 want: 7.0.2
1087 silly placeDep ROOT @typescript/typescript-linux-riscv64@7.0.2 OK for: typescript@7.0.2 want: 7.0.2
1088 silly placeDep ROOT @typescript/typescript-linux-s390x@7.0.2 OK for: typescript@7.0.2 want: 7.0.2
1089 silly placeDep ROOT @typescript/typescript-linux-x64@7.0.2 OK for: typescript@7.0.2 want: 7.0.2
1090 silly placeDep ROOT @typescript/typescript-netbsd-arm64@7.0.2 OK for: typescript@7.0.2 want: 7.0.2
1091 silly placeDep ROOT @typescript/typescript-netbsd-x64@7.0.2 OK for: typescript@7.0.2 want: 7.0.2
1092 silly placeDep ROOT @typescript/typescript-openbsd-arm64@7.0.2 OK for: typescript@7.0.2 want: 7.0.2
1093 silly placeDep ROOT @typescript/typescript-openbsd-x64@7.0.2 OK for: typescript@7.0.2 want: 7.0.2
1094 silly placeDep ROOT @typescript/typescript-sunos-x64@7.0.2 OK for: typescript@7.0.2 want: 7.0.2
1095 silly placeDep ROOT @typescript/typescript-win32-arm64@7.0.2 OK for: typescript@7.0.2 want: 7.0.2
1096 silly placeDep ROOT @typescript/typescript-win32-x64@7.0.2 OK for: typescript@7.0.2 want: 7.0.2
1097 silly placeDep ROOT lightningcss@1.33.0 OK for: vite@8.2.2 want: ^1.33.0
1098 silly placeDep ROOT picomatch@4.0.7 OK for: vite@8.2.2 want: ^4.0.5
1099 silly placeDep ROOT postcss@8.5.28 OK for: vite@8.2.2 want: ^8.5.26
1100 silly placeDep ROOT rolldown@1.2.7 OK for: vite@8.2.2 want: ~1.2.4
1101 silly placeDep ROOT tinyglobby@0.2.17 OK for: vite@8.2.2 want: ^0.2.17
1102 silly fetch manifest detect-libc@^2.0.3
1103 silly packumentCache full:https://registry.npmjs.org/detect-libc cache-miss
1104 silly fetch manifest lightningcss-darwin-x64@1.33.0
1105 silly packumentCache full:https://registry.npmjs.org/lightningcss-darwin-x64 cache-miss
1106 silly fetch manifest lightningcss-linux-x64-gnu@1.33.0
1107 silly packumentCache full:https://registry.npmjs.org/lightningcss-linux-x64-gnu cache-miss
1108 silly fetch manifest lightningcss-win32-x64-msvc@1.33.0
1109 silly packumentCache full:https://registry.npmjs.org/lightningcss-win32-x64-msvc cache-miss
1110 silly fetch manifest lightningcss-win32-arm64-msvc@1.33.0
1111 silly packumentCache full:https://registry.npmjs.org/lightningcss-win32-arm64-msvc cache-miss
1112 silly fetch manifest lightningcss-darwin-arm64@1.33.0
1113 silly packumentCache full:https://registry.npmjs.org/lightningcss-darwin-arm64 cache-miss
1114 silly fetch manifest lightningcss-linux-arm64-gnu@1.33.0
1115 silly packumentCache full:https://registry.npmjs.org/lightningcss-linux-arm64-gnu cache-miss
1116 silly fetch manifest lightningcss-linux-arm-gnueabihf@1.33.0
1117 silly packumentCache full:https://registry.npmjs.org/lightningcss-linux-arm-gnueabihf cache-miss
1118 silly fetch manifest lightningcss-linux-arm64-musl@1.33.0
1119 silly packumentCache full:https://registry.npmjs.org/lightningcss-linux-arm64-musl cache-miss
1120 silly fetch manifest lightningcss-linux-x64-musl@1.33.0
1121 silly packumentCache full:https://registry.npmjs.org/lightningcss-linux-x64-musl cache-miss
1122 silly fetch manifest lightningcss-freebsd-x64@1.33.0
1123 silly packumentCache full:https://registry.npmjs.org/lightningcss-freebsd-x64 cache-miss
1124 silly fetch manifest lightningcss-android-arm64@1.33.0
1125 silly packumentCache full:https://registry.npmjs.org/lightningcss-android-arm64 cache-miss
1126 silly fetch manifest nanoid@^3.3.18
1127 silly packumentCache full:https://registry.npmjs.org/nanoid cache-miss
1128 silly fetch manifest picocolors@^1.1.1
1129 silly packumentCache full:https://registry.npmjs.org/picocolors cache-miss
1130 silly fetch manifest source-map-js@^1.2.1
1131 silly packumentCache full:https://registry.npmjs.org/source-map-js cache-miss
1132 http fetch GET 200 https://registry.npmjs.org/lightningcss-darwin-arm64 151ms (cache miss)
1133 silly packumentCache full:https://registry.npmjs.org/lightningcss-darwin-arm64 set size:undefined disposed:false
1134 silly fetch manifest @oxc-project/types@=0.148.0
1135 silly packumentCache full:https://registry.npmjs.org/@oxc-project%2ftypes cache-miss
1136 http fetch GET 200 https://registry.npmjs.org/lightningcss-linux-arm-gnueabihf 163ms (cache miss)
1137 silly packumentCache full:https://registry.npmjs.org/lightningcss-linux-arm-gnueabihf set size:undefined disposed:false
1138 silly fetch manifest @rolldown/binding-darwin-x64@1.2.7
1139 silly packumentCache full:https://registry.npmjs.org/@rolldown%2fbinding-darwin-x64 cache-miss
1140 http fetch GET 200 https://registry.npmjs.org/lightningcss-linux-arm64-gnu 171ms (cache miss)
1141 silly packumentCache full:https://registry.npmjs.org/lightningcss-linux-arm64-gnu set size:undefined disposed:false
1142 silly fetch manifest @rolldown/binding-freebsd-x64@1.2.7
1143 silly packumentCache full:https://registry.npmjs.org/@rolldown%2fbinding-freebsd-x64 cache-miss
1144 http fetch GET 200 https://registry.npmjs.org/lightningcss-linux-x64-musl 170ms (cache miss)
1145 silly packumentCache full:https://registry.npmjs.org/lightningcss-linux-x64-musl set size:undefined disposed:false
1146 silly fetch manifest @rolldown/binding-darwin-arm64@1.2.7
1147 silly packumentCache full:https://registry.npmjs.org/@rolldown%2fbinding-darwin-arm64 cache-miss
1148 http fetch GET 200 https://registry.npmjs.org/detect-libc 178ms (cache miss)
1149 silly packumentCache full:https://registry.npmjs.org/detect-libc set size:undefined disposed:false
1150 silly fetch manifest @rolldown/binding-android-arm64@1.2.7
1151 silly packumentCache full:https://registry.npmjs.org/@rolldown%2fbinding-android-arm64 cache-miss
1152 http fetch GET 200 https://registry.npmjs.org/lightningcss-linux-arm64-musl 179ms (cache miss)
1153 silly packumentCache full:https://registry.npmjs.org/lightningcss-linux-arm64-musl set size:undefined disposed:false
1154 silly fetch manifest @rolldown/binding-linux-x64-gnu@1.2.7
1155 silly packumentCache full:https://registry.npmjs.org/@rolldown%2fbinding-linux-x64-gnu cache-miss
1156 http fetch GET 200 https://registry.npmjs.org/@oxc-project%2ftypes 117ms (cache miss)
1157 silly packumentCache full:https://registry.npmjs.org/@oxc-project%2ftypes set size:undefined disposed:false
1158 silly fetch manifest @rolldown/binding-linux-x64-musl@1.2.7
1159 silly packumentCache full:https://registry.npmjs.org/@rolldown%2fbinding-linux-x64-musl cache-miss
1160 http fetch GET 200 https://registry.npmjs.org/@rolldown%2fbinding-android-arm64 144ms (cache miss)
1161 silly packumentCache full:https://registry.npmjs.org/@rolldown%2fbinding-android-arm64 set size:undefined disposed:false
1162 silly fetch manifest @rolldown/binding-win32-x64-msvc@1.2.7
1163 silly packumentCache full:https://registry.npmjs.org/@rolldown%2fbinding-win32-x64-msvc cache-miss
1164 http fetch GET 200 https://registry.npmjs.org/lightningcss-freebsd-x64 395ms (cache miss)
1165 silly packumentCache full:https://registry.npmjs.org/lightningcss-freebsd-x64 set size:undefined disposed:false
1166 silly fetch manifest @rolldown/binding-linux-arm64-gnu@1.2.7
1167 silly packumentCache full:https://registry.npmjs.org/@rolldown%2fbinding-linux-arm64-gnu cache-miss
1168 http fetch GET 200 https://registry.npmjs.org/lightningcss-win32-arm64-msvc 412ms (cache miss)
1169 silly packumentCache full:https://registry.npmjs.org/lightningcss-win32-arm64-msvc set size:undefined disposed:false
1170 silly fetch manifest @rolldown/binding-linux-ppc64-gnu@1.2.7
1171 silly packumentCache full:https://registry.npmjs.org/@rolldown%2fbinding-linux-ppc64-gnu cache-miss
1172 http fetch GET 200 https://registry.npmjs.org/lightningcss-android-arm64 414ms (cache miss)
1173 silly packumentCache full:https://registry.npmjs.org/lightningcss-android-arm64 set size:undefined disposed:false
1174 silly fetch manifest @rolldown/binding-linux-s390x-gnu@1.2.7
1175 silly packumentCache full:https://registry.npmjs.org/@rolldown%2fbinding-linux-s390x-gnu cache-miss
1176 http fetch GET 200 https://registry.npmjs.org/picocolors 417ms (cache miss)
1177 silly packumentCache full:https://registry.npmjs.org/picocolors set size:undefined disposed:false
1178 silly fetch manifest @rolldown/binding-android-arm-eabi@1.2.7
1179 silly packumentCache full:https://registry.npmjs.org/@rolldown%2fbinding-android-arm-eabi cache-miss
1180 http fetch GET 200 https://registry.npmjs.org/source-map-js 421ms (cache miss)
1181 silly packumentCache full:https://registry.npmjs.org/source-map-js set size:undefined disposed:false
1182 silly fetch manifest @rolldown/binding-linux-arm64-musl@1.2.7
1183 silly packumentCache full:https://registry.npmjs.org/@rolldown%2fbinding-linux-arm64-musl cache-miss
1184 http fetch GET 200 https://registry.npmjs.org/lightningcss-darwin-x64 430ms (cache miss)
1185 silly packumentCache full:https://registry.npmjs.org/lightningcss-darwin-x64 set size:undefined disposed:false
1186 silly fetch manifest @rolldown/binding-win32-arm64-msvc@1.2.7
1187 silly packumentCache full:https://registry.npmjs.org/@rolldown%2fbinding-win32-arm64-msvc cache-miss
1188 http fetch GET 200 https://registry.npmjs.org/lightningcss-linux-x64-gnu 434ms (cache miss)
1189 silly packumentCache full:https://registry.npmjs.org/lightningcss-linux-x64-gnu set size:undefined disposed:false
1190 silly fetch manifest @rolldown/binding-openharmony-arm64@1.2.7
1191 silly packumentCache full:https://registry.npmjs.org/@rolldown%2fbinding-openharmony-arm64 cache-miss
1192 http fetch GET 200 https://registry.npmjs.org/lightningcss-win32-x64-msvc 437ms (cache miss)
1193 silly packumentCache full:https://registry.npmjs.org/lightningcss-win32-x64-msvc set size:undefined disposed:false
1194 silly fetch manifest @rolldown/binding-linux-arm-gnueabihf@1.2.7
1195 silly packumentCache full:https://registry.npmjs.org/@rolldown%2fbinding-linux-arm-gnueabihf cache-miss
1196 http fetch GET 200 https://registry.npmjs.org/nanoid 441ms (cache miss)
1197 silly packumentCache full:https://registry.npmjs.org/nanoid set size:undefined disposed:false
1198 silly fetch manifest fdir@^6.5.0
1199 silly packumentCache full:https://registry.npmjs.org/fdir cache-miss
1200 http fetch GET 200 https://registry.npmjs.org/@rolldown%2fbinding-darwin-x64 309ms (cache miss)
1201 silly packumentCache full:https://registry.npmjs.org/@rolldown%2fbinding-darwin-x64 set size:undefined disposed:false
1202 http fetch GET 200 https://registry.npmjs.org/@rolldown%2fbinding-freebsd-x64 317ms (cache miss)
1203 silly packumentCache full:https://registry.npmjs.org/@rolldown%2fbinding-freebsd-x64 set size:undefined disposed:false
1204 http fetch GET 200 https://registry.npmjs.org/@rolldown%2fbinding-linux-x64-gnu 316ms (cache miss)
1205 silly packumentCache full:https://registry.npmjs.org/@rolldown%2fbinding-linux-x64-gnu set size:undefined disposed:false
1206 http fetch GET 200 https://registry.npmjs.org/@rolldown%2fbinding-darwin-arm64 343ms (cache miss)
1207 silly packumentCache full:https://registry.npmjs.org/@rolldown%2fbinding-darwin-arm64 set size:undefined disposed:false
1208 http fetch GET 200 https://registry.npmjs.org/@rolldown%2fbinding-linux-ppc64-gnu 221ms (cache miss)
1209 silly packumentCache full:https://registry.npmjs.org/@rolldown%2fbinding-linux-ppc64-gnu set size:undefined disposed:false
1210 http fetch GET 200 https://registry.npmjs.org/@rolldown%2fbinding-linux-x64-musl 440ms (cache miss)
1211 silly packumentCache full:https://registry.npmjs.org/@rolldown%2fbinding-linux-x64-musl set size:undefined disposed:false
1212 http fetch GET 200 https://registry.npmjs.org/@rolldown%2fbinding-win32-arm64-msvc 293ms (cache miss)
1213 silly packumentCache full:https://registry.npmjs.org/@rolldown%2fbinding-win32-arm64-msvc set size:undefined disposed:false
1214 http fetch GET 200 https://registry.npmjs.org/@rolldown%2fbinding-android-arm-eabi 309ms (cache miss)
1215 silly packumentCache full:https://registry.npmjs.org/@rolldown%2fbinding-android-arm-eabi set size:undefined disposed:false
1216 http fetch GET 200 https://registry.npmjs.org/fdir 526ms (cache miss)
1217 silly packumentCache full:https://registry.npmjs.org/fdir set size:undefined disposed:false
1218 http fetch GET 200 https://registry.npmjs.org/@rolldown%2fbinding-linux-s390x-gnu 670ms (cache miss)
1219 silly packumentCache full:https://registry.npmjs.org/@rolldown%2fbinding-linux-s390x-gnu set size:undefined disposed:false
1220 http fetch GET 200 https://registry.npmjs.org/@rolldown%2fbinding-win32-x64-msvc 795ms (cache miss)
1221 silly packumentCache full:https://registry.npmjs.org/@rolldown%2fbinding-win32-x64-msvc set size:undefined disposed:false
1222 http fetch GET 200 https://registry.npmjs.org/@rolldown%2fbinding-linux-arm64-gnu 731ms (cache miss)
1223 silly packumentCache full:https://registry.npmjs.org/@rolldown%2fbinding-linux-arm64-gnu set size:undefined disposed:false
1224 http fetch GET 200 https://registry.npmjs.org/@rolldown%2fbinding-linux-arm64-musl 714ms (cache miss)
1225 silly packumentCache full:https://registry.npmjs.org/@rolldown%2fbinding-linux-arm64-musl set size:undefined disposed:false
1226 http fetch GET 200 https://registry.npmjs.org/@rolldown%2fbinding-openharmony-arm64 717ms (cache miss)
1227 silly packumentCache full:https://registry.npmjs.org/@rolldown%2fbinding-openharmony-arm64 set size:undefined disposed:false
1228 http fetch GET 200 https://registry.npmjs.org/@rolldown%2fbinding-linux-arm-gnueabihf 735ms (cache miss)
1229 silly packumentCache full:https://registry.npmjs.org/@rolldown%2fbinding-linux-arm-gnueabihf set size:undefined disposed:false
1230 silly placeDep ROOT detect-libc@2.1.2 OK for: lightningcss@1.33.0 want: ^2.0.3
1231 silly placeDep ROOT lightningcss-android-arm64@1.33.0 OK for: lightningcss@1.33.0 want: 1.33.0
1232 silly placeDep ROOT lightningcss-darwin-arm64@1.33.0 OK for: lightningcss@1.33.0 want: 1.33.0
1233 silly placeDep ROOT lightningcss-darwin-x64@1.33.0 OK for: lightningcss@1.33.0 want: 1.33.0
1234 silly placeDep ROOT lightningcss-freebsd-x64@1.33.0 OK for: lightningcss@1.33.0 want: 1.33.0
1235 silly placeDep ROOT lightningcss-linux-arm-gnueabihf@1.33.0 OK for: lightningcss@1.33.0 want: 1.33.0
1236 silly placeDep ROOT lightningcss-linux-arm64-gnu@1.33.0 OK for: lightningcss@1.33.0 want: 1.33.0
1237 silly placeDep ROOT lightningcss-linux-arm64-musl@1.33.0 OK for: lightningcss@1.33.0 want: 1.33.0
1238 silly placeDep ROOT lightningcss-linux-x64-gnu@1.33.0 OK for: lightningcss@1.33.0 want: 1.33.0
1239 silly placeDep ROOT lightningcss-linux-x64-musl@1.33.0 OK for: lightningcss@1.33.0 want: 1.33.0
1240 silly placeDep ROOT lightningcss-win32-arm64-msvc@1.33.0 OK for: lightningcss@1.33.0 want: 1.33.0
1241 silly placeDep ROOT lightningcss-win32-x64-msvc@1.33.0 OK for: lightningcss@1.33.0 want: 1.33.0
1242 silly placeDep ROOT nanoid@3.3.18 OK for: postcss@8.5.28 want: ^3.3.18
1243 silly placeDep ROOT picocolors@1.1.1 OK for: postcss@8.5.28 want: ^1.1.1
1244 silly placeDep ROOT source-map-js@1.2.1 OK for: postcss@8.5.28 want: ^1.2.1
1245 silly placeDep ROOT @oxc-project/types@0.148.0 OK for: rolldown@1.2.7 want: =0.148.0
1246 silly placeDep ROOT @rolldown/binding-android-arm-eabi@1.2.7 OK for: rolldown@1.2.7 want: 1.2.7
1247 silly placeDep ROOT @rolldown/binding-android-arm64@1.2.7 OK for: rolldown@1.2.7 want: 1.2.7
1248 silly placeDep ROOT @rolldown/binding-darwin-arm64@1.2.7 OK for: rolldown@1.2.7 want: 1.2.7
1249 silly placeDep ROOT @rolldown/binding-darwin-x64@1.2.7 OK for: rolldown@1.2.7 want: 1.2.7
1250 silly placeDep ROOT @rolldown/binding-freebsd-x64@1.2.7 OK for: rolldown@1.2.7 want: 1.2.7
1251 silly placeDep ROOT @rolldown/binding-linux-arm-gnueabihf@1.2.7 OK for: rolldown@1.2.7 want: 1.2.7
1252 silly placeDep ROOT @rolldown/binding-linux-arm64-gnu@1.2.7 OK for: rolldown@1.2.7 want: 1.2.7
1253 silly placeDep ROOT @rolldown/binding-linux-arm64-musl@1.2.7 OK for: rolldown@1.2.7 want: 1.2.7
1254 silly placeDep ROOT @rolldown/binding-linux-ppc64-gnu@1.2.7 OK for: rolldown@1.2.7 want: 1.2.7
1255 silly placeDep ROOT @rolldown/binding-linux-s390x-gnu@1.2.7 OK for: rolldown@1.2.7 want: 1.2.7
1256 silly placeDep ROOT @rolldown/binding-linux-x64-gnu@1.2.7 OK for: rolldown@1.2.7 want: 1.2.7
1257 silly placeDep ROOT @rolldown/binding-linux-x64-musl@1.2.7 OK for: rolldown@1.2.7 want: 1.2.7
1258 silly placeDep ROOT @rolldown/binding-openharmony-arm64@1.2.7 OK for: rolldown@1.2.7 want: 1.2.7
1259 silly placeDep ROOT @rolldown/binding-win32-arm64-msvc@1.2.7 OK for: rolldown@1.2.7 want: 1.2.7
1260 silly placeDep ROOT @rolldown/binding-win32-x64-msvc@1.2.7 OK for: rolldown@1.2.7 want: 1.2.7
1261 silly fetch manifest picomatch@^4.0.4
1262 silly packumentCache full:https://registry.npmjs.org/picomatch cache-miss
1263 http cache https://registry.npmjs.org/picomatch 12ms (cache hit)
1264 silly packumentCache full:https://registry.npmjs.org/picomatch set size:134451 disposed:false
1265 silly placeDep ROOT fdir@6.5.0 OK for: tinyglobby@0.2.17 want: ^6.5.0
1266 silly reify moves {}
1267 silly audit bulk request {
1267 silly audit   '@types/better-sqlite3': [ '9.6.0' ],
1267 silly audit   '@types/cors': [ '2.8.19' ],
1267 silly audit   '@types/express': [ '5.0.6' ],
1267 silly audit   '@types/jsonwebtoken': [ '9.0.10' ],
1267 silly audit   '@types/node': [ '26.5.0' ],
1267 silly audit   '@types/react': [ '19.2.18' ],
1267 silly audit   '@types/react-dom': [ '19.2.7' ],
1267 silly audit   '@vitejs/plugin-react': [ '6.1.1' ],
1267 silly audit   vite: [ '8.2.2' ],
1267 silly audit   bcryptjs: [ '3.0.3' ],
1267 silly audit   'better-sqlite3': [ '13.0.3' ],
1267 silly audit   cors: [ '2.8.6' ],
1267 silly audit   dotenv: [ '17.4.2' ],
1267 silly audit   express: [ '5.2.1' ],
1267 silly audit   'express-rate-limit': [ '8.7.0' ],
1267 silly audit   helmet: [ '8.3.0' ],
1267 silly audit   jsonwebtoken: [ '9.0.3' ],
1267 silly audit   react: [ '19.2.8' ],
1267 silly audit   'react-dom': [ '19.2.8' ],
1267 silly audit   'react-router-dom': [ '7.18.3' ],
1267 silly audit   tsx: [ '4.23.13' ],
1267 silly audit   typescript: [ '7.0.2' ],
1267 silly audit   zod: [ '4.5.4' ],
1267 silly audit   '@types/body-parser': [ '1.19.6' ],
1267 silly audit   '@types/express-serve-static-core': [ '5.1.3' ],
1267 silly audit   '@types/serve-static': [ '2.2.0' ],
1267 silly audit   '@types/connect': [ '3.4.38' ],
1267 silly audit   '@types/qs': [ '6.15.1' ],
1267 silly audit   '@types/range-parser': [ '1.2.7' ],
1267 silly audit   '@types/send': [ '1.2.1' ],
1267 silly audit   '@types/ms': [ '2.1.0' ],
1267 silly audit   'undici-types': [ '8.9.0' ],
1267 silly audit   csstype: [ '3.2.3' ],
1267 silly audit   '@types/http-errors': [ '2.0.5' ],
1267 silly audit   '@rolldown/pluginutils': [ '1.0.1' ],
1267 silly audit   'node-addon-api': [ '8.9.2' ],
1267 silly audit   'object-assign': [ '4.1.1' ],
1267 silly audit   vary: [ '1.1.2' ],
1267 silly audit   accepts: [ '2.0.0' ],
1267 silly audit   'body-parser': [ '2.3.0' ],
1267 silly audit   'content-disposition': [ '1.1.0' ],
1267 silly audit   'content-type': [ '1.0.5', '2.1.0' ],
1267 silly audit   cookie: [ '0.7.2', '1.1.1' ],
1267 silly audit   'cookie-signature': [ '1.2.2' ],
1267 silly audit   debug: [ '4.4.3' ],
1267 silly audit   depd: [ '2.0.0' ],
1267 silly audit   encodeurl: [ '2.0.0' ],
1267 silly audit   'escape-html': [ '1.0.3' ],
1267 silly audit   etag: [ '1.8.1' ],
1267 silly audit   finalhandler: [ '2.1.1' ],
1267 silly audit   fresh: [ '2.0.0' ],
1267 silly audit   'http-errors': [ '2.0.1' ],
1267 silly audit   'merge-descriptors': [ '2.0.0' ],
1267 silly audit   'mime-types': [ '3.0.2' ],
1267 silly audit   'on-finished': [ '2.4.1' ],
1267 silly audit   once: [ '1.4.0' ],
1267 silly audit   parseurl: [ '1.3.3' ],
1267 silly audit   'proxy-addr': [ '2.0.7' ],
1267 silly audit   qs: [ '6.16.0' ],
1267 silly audit   'range-parser': [ '1.3.0' ],
1267 silly audit   router: [ '2.2.0' ],
1267 silly audit   send: [ '1.2.1' ],
1267 silly audit   'serve-static': [ '2.2.1' ],
1267 silly audit   statuses: [ '2.0.2' ],
1267 silly audit   'type-is': [ '2.1.0' ],
1267 silly audit   negotiator: [ '1.1.0' ],
1267 silly audit   bytes: [ '3.1.2' ],
1267 silly audit   'iconv-lite': [ '0.7.3' ],
1267 silly audit   'raw-body': [ '3.0.2' ],
1267 silly audit   ms: [ '2.1.3' ],
1267 silly audit   'ip-address': [ '10.7.0' ],
1267 silly audit   inherits: [ '2.0.4' ],
1267 silly audit   setprototypeof: [ '1.2.0' ],
1267 silly audit   toidentifier: [ '1.0.1' ],
1267 silly audit   'safer-buffer': [ '2.1.2' ],
1267 silly audit   jws: [ '4.0.1' ],
1267 silly audit   'lodash.includes': [ '4.3.0' ],
1267 silly audit   'lodash.isboolean': [ '3.0.3' ],
1267 silly audit   'lodash.isinteger': [ '4.0.4' ],
1267 silly audit   'lodash.isnumber': [ '3.0.3' ],
1267 silly audit   'lodash.isplainobject': [ '4.0.6' ],
1267 silly audit   'lodash.isstring': [ '4.0.1' ],
1267 silly audit   'lodash.once': [ '4.1.1' ],
1267 silly audit   semver: [ '7.8.5' ],
1267 silly audit   jwa: [ '2.0.1' ],
1267 silly audit   'safe-buffer': [ '5.2.1' ],
1267 silly audit   'buffer-equal-constant-time': [ '1.0.1' ],
1267 silly audit   'ecdsa-sig-formatter': [ '1.0.11' ],
1267 silly audit   'mime-db': [ '1.54.0' ],
1267 silly audit   'ee-first': [ '1.1.1' ],
1267 silly audit   wrappy: [ '1.0.2' ],
1267 silly audit   forwarded: [ '0.2.0' ],
1267 silly audit   'ipaddr.js': [ '1.9.1' ],
1267 silly audit   'es-define-property': [ '1.0.1' ],
1267 silly audit   'side-channel': [ '1.1.1' ],
1267 silly audit   unpipe: [ '1.0.0' ],
1267 silly audit   scheduler: [ '0.27.0' ],
1267 silly audit   'react-router': [ '7.18.3' ],
1267 silly audit   'set-cookie-parser': [ '2.7.2' ],
1267 silly audit   'is-promise': [ '4.0.0' ],
1267 silly audit   'path-to-regexp': [ '8.4.2' ],
1267 silly audit   'es-errors': [ '1.3.0' ],
1267 silly audit   'object-inspect': [ '1.13.4' ],
1267 silly audit   'side-channel-list': [ '1.0.1' ],
1267 silly audit   'side-channel-map': [ '1.0.1' ],
1267 silly audit   'side-channel-weakmap': [ '1.0.2' ],
1267 silly audit   'call-bound': [ '1.0.4' ],
1267 silly audit   'get-intrinsic': [ '1.3.0' ],
1267 silly audit   'call-bind-apply-helpers': [ '1.0.2' ],
1267 silly audit   'function-bind': [ '1.1.2' ],
1267 silly audit   'es-object-atoms': [ '1.1.2' ],
1267 silly audit   'get-proto': [ '1.0.1' ],
1267 silly audit   gopd: [ '1.2.0' ],
1267 silly audit   'has-symbols': [ '1.1.0' ],
1267 silly audit   hasown: [ '2.0.4' ],
1267 silly audit   'math-intrinsics': [ '1.1.0' ],
1267 silly audit   'dunder-proto': [ '1.0.1' ],
1267 silly audit   esbuild: [ '0.28.2' ],
1267 silly audit   fsevents: [ '2.3.3' ],
1267 silly audit   '@esbuild/aix-ppc64': [ '0.28.2' ],
1267 silly audit   '@esbuild/android-arm': [ '0.28.2' ],
1267 silly audit   '@esbuild/android-arm64': [ '0.28.2' ],
1267 silly audit   '@esbuild/android-x64': [ '0.28.2' ],
1267 silly audit   '@esbuild/darwin-arm64': [ '0.28.2' ],
1267 silly audit   '@esbuild/darwin-x64': [ '0.28.2' ],
1267 silly audit   '@esbuild/freebsd-arm64': [ '0.28.2' ],
1267 silly audit   '@esbuild/freebsd-x64': [ '0.28.2' ],
1267 silly audit   '@esbuild/linux-arm': [ '0.28.2' ],
1267 silly audit   '@esbuild/linux-arm64': [ '0.28.2' ],
1267 silly audit   '@esbuild/linux-ia32': [ '0.28.2' ],
1267 silly audit   '@esbuild/linux-loong64': [ '0.28.2' ],
1267 silly audit   '@esbuild/linux-mips64el': [ '0.28.2' ],
1267 silly audit   '@esbuild/linux-ppc64': [ '0.28.2' ],
1267 silly audit   '@esbuild/linux-riscv64': [ '0.28.2' ],
1267 silly audit   '@esbuild/linux-s390x': [ '0.28.2' ],
1267 silly audit   '@esbuild/linux-x64': [ '0.28.2' ],
1267 silly audit   '@esbuild/netbsd-arm64': [ '0.28.2' ],
1267 silly audit   '@esbuild/netbsd-x64': [ '0.28.2' ],
1267 silly audit   '@esbuild/openbsd-arm64': [ '0.28.2' ],
1267 silly audit   '@esbuild/openbsd-x64': [ '0.28.2' ],
1267 silly audit   '@esbuild/openharmony-arm64': [ '0.28.2' ],
1267 silly audit   '@esbuild/sunos-x64': [ '0.28.2' ],
1267 silly audit   '@esbuild/win32-arm64': [ '0.28.2' ],
1267 silly audit   '@esbuild/win32-ia32': [ '0.28.2' ],
1267 silly audit   '@esbuild/win32-x64': [ '0.28.2' ],
1267 silly audit   'media-typer': [ '1.1.1' ],
1267 silly audit   '@typescript/typescript-aix-ppc64': [ '7.0.2' ],
1267 silly audit   '@typescript/typescript-darwin-arm64': [ '7.0.2' ],
1267 silly audit   '@typescript/typescript-darwin-x64': [ '7.0.2' ],
1267 silly audit   '@typescript/typescript-freebsd-arm64': [ '7.0.2' ],
1267 silly audit   '@typescript/typescript-freebsd-x64': [ '7.0.2' ],
1267 silly audit   '@typescript/typescript-linux-arm': [ '7.0.2' ],
1267 silly audit   '@typescript/typescript-linux-arm64': [ '7.0.2' ],
1267 silly audit   '@typescript/typescript-linux-loong64': [ '7.0.2' ],
1267 silly audit   '@typescript/typescript-linux-mips64el': [ '7.0.2' ],
1267 silly audit   '@typescript/typescript-linux-ppc64': [ '7.0.2' ],
1267 silly audit   '@typescript/typescript-linux-riscv64': [ '7.0.2' ],
1267 silly audit   '@typescript/typescript-linux-s390x': [ '7.0.2' ],
1267 silly audit   '@typescript/typescript-linux-x64': [ '7.0.2' ],
1267 silly audit   '@typescript/typescript-netbsd-arm64': [ '7.0.2' ],
1267 silly audit   '@typescript/typescript-netbsd-x64': [ '7.0.2' ],
1267 silly audit   '@typescript/typescript-openbsd-arm64': [ '7.0.2' ],
1267 silly audit   '@typescript/typescript-openbsd-x64': [ '7.0.2' ],
1267 silly audit   '@typescript/typescript-sunos-x64': [ '7.0.2' ],
1267 silly audit   '@typescript/typescript-win32-arm64': [ '7.0.2' ],
1267 silly audit   '@typescript/typescript-win32-x64': [ '7.0.2' ],
1267 silly audit   lightningcss: [ '1.33.0' ],
1267 silly audit   picomatch: [ '4.0.7' ],
1267 silly audit   postcss: [ '8.5.28' ],
1267 silly audit   rolldown: [ '1.2.7' ],
1267 silly audit   tinyglobby: [ '0.2.17' ],
1267 silly audit   'detect-libc': [ '2.1.2' ],
1267 silly audit   'lightningcss-android-arm64': [ '1.33.0' ],
1267 silly audit   'lightningcss-darwin-arm64': [ '1.33.0' ],
1267 silly audit   'lightningcss-darwin-x64': [ '1.33.0' ],
1267 silly audit   'lightningcss-freebsd-x64': [ '1.33.0' ],
1267 silly audit   'lightningcss-linux-arm-gnueabihf': [ '1.33.0' ],
1267 silly audit   'lightningcss-linux-arm64-gnu': [ '1.33.0' ],
1267 silly audit   'lightningcss-linux-arm64-musl': [ '1.33.0' ],
1267 silly audit   'lightningcss-linux-x64-gnu': [ '1.33.0' ],
1267 silly audit   'lightningcss-linux-x64-musl': [ '1.33.0' ],
1267 silly audit   'lightningcss-win32-arm64-msvc': [ '1.33.0' ],
1267 silly audit   'lightningcss-win32-x64-msvc': [ '1.33.0' ],
1267 silly audit   nanoid: [ '3.3.18' ],
1267 silly audit   picocolors: [ '1.1.1' ],
1267 silly audit   'source-map-js': [ '1.2.1' ],
1267 silly audit   '@oxc-project/types': [ '0.148.0' ],
1267 silly audit   '@rolldown/binding-android-arm-eabi': [ '1.2.7' ],
1267 silly audit   '@rolldown/binding-android-arm64': [ '1.2.7' ],
1267 silly audit   '@rolldown/binding-darwin-arm64': [ '1.2.7' ],
1267 silly audit   '@rolldown/binding-darwin-x64': [ '1.2.7' ],
1267 silly audit   '@rolldown/binding-freebsd-x64': [ '1.2.7' ],
1267 silly audit   '@rolldown/binding-linux-arm-gnueabihf': [ '1.2.7' ],
1267 silly audit   '@rolldown/binding-linux-arm64-gnu': [ '1.2.7' ],
1267 silly audit   '@rolldown/binding-linux-arm64-musl': [ '1.2.7' ],
1267 silly audit   '@rolldown/binding-linux-ppc64-gnu': [ '1.2.7' ],
1267 silly audit   '@rolldown/binding-linux-s390x-gnu': [ '1.2.7' ],
1267 silly audit   '@rolldown/binding-linux-x64-gnu': [ '1.2.7' ],
1267 silly audit   '@rolldown/binding-linux-x64-musl': [ '1.2.7' ],
1267 silly audit   '@rolldown/binding-openharmony-arm64': [ '1.2.7' ],
1267 silly audit   '@rolldown/binding-win32-arm64-msvc': [ '1.2.7' ],
1267 silly audit   '@rolldown/binding-win32-x64-msvc': [ '1.2.7' ],
1267 silly audit   fdir: [ '6.5.0' ]
1267 silly audit }
1268 http cache fdir@https://registry.npmjs.org/fdir/-/fdir-6.5.0.tgz 0ms (cache hit)
1269 http cache @rolldown/binding-win32-x64-msvc@https://registry.npmjs.org/@rolldown/binding-win32-x64-msvc/-/binding-win32-x64-msvc-1.2.7.tgz 0ms (cache hit)
1270 http cache @oxc-project/types@https://registry.npmjs.org/@oxc-project/types/-/types-0.148.0.tgz 0ms (cache hit)
1271 http cache picocolors@https://registry.npmjs.org/picocolors/-/picocolors-1.1.1.tgz 0ms (cache hit)
1272 http cache source-map-js@https://registry.npmjs.org/source-map-js/-/source-map-js-1.2.1.tgz 0ms (cache hit)
1273 http cache nanoid@https://registry.npmjs.org/nanoid/-/nanoid-3.3.18.tgz 0ms (cache hit)
1274 http cache lightningcss-win32-x64-msvc@https://registry.npmjs.org/lightningcss-win32-x64-msvc/-/lightningcss-win32-x64-msvc-1.33.0.tgz 0ms (cache hit)
1275 http cache tinyglobby@https://registry.npmjs.org/tinyglobby/-/tinyglobby-0.2.17.tgz 0ms (cache hit)
1276 http cache @typescript/typescript-win32-x64@https://registry.npmjs.org/@typescript/typescript-win32-x64/-/typescript-win32-x64-7.0.2.tgz 0ms (cache hit)
1277 http cache postcss@https://registry.npmjs.org/postcss/-/postcss-8.5.28.tgz 0ms (cache hit)
1278 http cache picomatch@https://registry.npmjs.org/picomatch/-/picomatch-4.0.7.tgz 0ms (cache hit)
1279 http cache lightningcss@https://registry.npmjs.org/lightningcss/-/lightningcss-1.33.0.tgz 0ms (cache hit)
1280 http cache rolldown@https://registry.npmjs.org/rolldown/-/rolldown-1.2.7.tgz 0ms (cache hit)
1281 http cache media-typer@https://registry.npmjs.org/media-typer/-/media-typer-1.1.1.tgz 0ms (cache hit)
1282 http cache detect-libc@https://registry.npmjs.org/detect-libc/-/detect-libc-2.1.2.tgz 0ms (cache hit)
1283 http cache esbuild@https://registry.npmjs.org/esbuild/-/esbuild-0.28.2.tgz 0ms (cache hit)
1284 http cache @esbuild/win32-x64@https://registry.npmjs.org/@esbuild/win32-x64/-/win32-x64-0.28.2.tgz 0ms (cache hit)
1285 http cache dunder-proto@https://registry.npmjs.org/dunder-proto/-/dunder-proto-1.0.1.tgz 0ms (cache hit)
1286 http cache has-symbols@https://registry.npmjs.org/has-symbols/-/has-symbols-1.1.0.tgz 0ms (cache hit)
1287 http cache get-proto@https://registry.npmjs.org/get-proto/-/get-proto-1.0.1.tgz 0ms (cache hit)
1288 http cache hasown@https://registry.npmjs.org/hasown/-/hasown-2.0.4.tgz 0ms (cache hit)
1289 http cache gopd@https://registry.npmjs.org/gopd/-/gopd-1.2.0.tgz 0ms (cache hit)
1290 http cache es-object-atoms@https://registry.npmjs.org/es-object-atoms/-/es-object-atoms-1.1.2.tgz 0ms (cache hit)
1291 http cache call-bind-apply-helpers@https://registry.npmjs.org/call-bind-apply-helpers/-/call-bind-apply-helpers-1.0.2.tgz 0ms (cache hit)
1292 http cache function-bind@https://registry.npmjs.org/function-bind/-/function-bind-1.1.2.tgz 0ms (cache hit)
1293 http cache call-bound@https://registry.npmjs.org/call-bound/-/call-bound-1.0.4.tgz 0ms (cache hit)
1294 http cache get-intrinsic@https://registry.npmjs.org/get-intrinsic/-/get-intrinsic-1.3.0.tgz 0ms (cache hit)
1295 http cache side-channel-map@https://registry.npmjs.org/side-channel-map/-/side-channel-map-1.0.1.tgz 0ms (cache hit)
1296 http cache side-channel-weakmap@https://registry.npmjs.org/side-channel-weakmap/-/side-channel-weakmap-1.0.2.tgz 0ms (cache hit)
1297 http cache math-intrinsics@https://registry.npmjs.org/math-intrinsics/-/math-intrinsics-1.1.0.tgz 0ms (cache hit)
1298 http cache path-to-regexp@https://registry.npmjs.org/path-to-regexp/-/path-to-regexp-8.4.2.tgz 0ms (cache hit)
1299 http cache side-channel-list@https://registry.npmjs.org/side-channel-list/-/side-channel-list-1.0.1.tgz 0ms (cache hit)
1300 http cache object-inspect@https://registry.npmjs.org/object-inspect/-/object-inspect-1.13.4.tgz 0ms (cache hit)
1301 http cache es-errors@https://registry.npmjs.org/es-errors/-/es-errors-1.3.0.tgz 0ms (cache hit)
1302 http cache set-cookie-parser@https://registry.npmjs.org/set-cookie-parser/-/set-cookie-parser-2.7.2.tgz 0ms (cache hit)
1303 http cache is-promise@https://registry.npmjs.org/is-promise/-/is-promise-4.0.0.tgz 0ms (cache hit)
1304 http cache react-router@https://registry.npmjs.org/react-router/-/react-router-7.18.3.tgz 0ms (cache hit)
1305 http cache side-channel@https://registry.npmjs.org/side-channel/-/side-channel-1.1.1.tgz 0ms (cache hit)
1306 http cache scheduler@https://registry.npmjs.org/scheduler/-/scheduler-0.27.0.tgz 0ms (cache hit)
1307 http cache unpipe@https://registry.npmjs.org/unpipe/-/unpipe-1.0.0.tgz 0ms (cache hit)
1308 http cache es-define-property@https://registry.npmjs.org/es-define-property/-/es-define-property-1.0.1.tgz 0ms (cache hit)
1309 http cache ipaddr.js@https://registry.npmjs.org/ipaddr.js/-/ipaddr.js-1.9.1.tgz 0ms (cache hit)
1310 http cache forwarded@https://registry.npmjs.org/forwarded/-/forwarded-0.2.0.tgz 0ms (cache hit)
1311 http cache wrappy@https://registry.npmjs.org/wrappy/-/wrappy-1.0.2.tgz 0ms (cache hit)
1312 http cache mime-db@https://registry.npmjs.org/mime-db/-/mime-db-1.54.0.tgz 0ms (cache hit)
1313 http cache ee-first@https://registry.npmjs.org/ee-first/-/ee-first-1.1.1.tgz 0ms (cache hit)
1314 http cache ecdsa-sig-formatter@https://registry.npmjs.org/ecdsa-sig-formatter/-/ecdsa-sig-formatter-1.0.11.tgz 0ms (cache hit)
1315 http cache safe-buffer@https://registry.npmjs.org/safe-buffer/-/safe-buffer-5.2.1.tgz 0ms (cache hit)
1316 http cache buffer-equal-constant-time@https://registry.npmjs.org/buffer-equal-constant-time/-/buffer-equal-constant-time-1.0.1.tgz 0ms (cache hit)
1317 http cache jwa@https://registry.npmjs.org/jwa/-/jwa-2.0.1.tgz 0ms (cache hit)
1318 http cache lodash.once@https://registry.npmjs.org/lodash.once/-/lodash.once-4.1.1.tgz 0ms (cache hit)
1319 http cache semver@https://registry.npmjs.org/semver/-/semver-7.8.5.tgz 0ms (cache hit)
1320 http cache lodash.isstring@https://registry.npmjs.org/lodash.isstring/-/lodash.isstring-4.0.1.tgz 0ms (cache hit)
1321 http cache lodash.isinteger@https://registry.npmjs.org/lodash.isinteger/-/lodash.isinteger-4.0.4.tgz 0ms (cache hit)
1322 http cache lodash.isnumber@https://registry.npmjs.org/lodash.isnumber/-/lodash.isnumber-3.0.3.tgz 0ms (cache hit)
1323 http cache lodash.isplainobject@https://registry.npmjs.org/lodash.isplainobject/-/lodash.isplainobject-4.0.6.tgz 0ms (cache hit)
1324 http cache setprototypeof@https://registry.npmjs.org/setprototypeof/-/setprototypeof-1.2.0.tgz 0ms (cache hit)
1325 http cache jws@https://registry.npmjs.org/jws/-/jws-4.0.1.tgz 0ms (cache hit)
1326 http cache lodash.isboolean@https://registry.npmjs.org/lodash.isboolean/-/lodash.isboolean-3.0.3.tgz 0ms (cache hit)
1327 http cache lodash.includes@https://registry.npmjs.org/lodash.includes/-/lodash.includes-4.3.0.tgz 0ms (cache hit)
1328 http cache toidentifier@https://registry.npmjs.org/toidentifier/-/toidentifier-1.0.1.tgz 0ms (cache hit)
1329 http cache inherits@https://registry.npmjs.org/inherits/-/inherits-2.0.4.tgz 0ms (cache hit)
1330 http cache ip-address@https://registry.npmjs.org/ip-address/-/ip-address-10.7.0.tgz 0ms (cache hit)
1331 http cache ms@https://registry.npmjs.org/ms/-/ms-2.1.3.tgz 0ms (cache hit)
1332 http cache raw-body@https://registry.npmjs.org/raw-body/-/raw-body-3.0.2.tgz 0ms (cache hit)
1333 http cache safer-buffer@https://registry.npmjs.org/safer-buffer/-/safer-buffer-2.1.2.tgz 0ms (cache hit)
1334 http cache bytes@https://registry.npmjs.org/bytes/-/bytes-3.1.2.tgz 0ms (cache hit)
1335 http cache iconv-lite@https://registry.npmjs.org/iconv-lite/-/iconv-lite-0.7.3.tgz 0ms (cache hit)
1336 http cache negotiator@https://registry.npmjs.org/negotiator/-/negotiator-1.1.0.tgz 0ms (cache hit)
1337 http cache type-is@https://registry.npmjs.org/type-is/-/type-is-2.1.0.tgz 0ms (cache hit)
1338 http cache send@https://registry.npmjs.org/send/-/send-1.2.1.tgz 0ms (cache hit)
1339 http cache router@https://registry.npmjs.org/router/-/router-2.2.0.tgz 0ms (cache hit)
1340 http cache serve-static@https://registry.npmjs.org/serve-static/-/serve-static-2.2.1.tgz 0ms (cache hit)
1341 http cache statuses@https://registry.npmjs.org/statuses/-/statuses-2.0.2.tgz 0ms (cache hit)
1342 http cache qs@https://registry.npmjs.org/qs/-/qs-6.16.0.tgz 0ms (cache hit)
1343 http cache range-parser@https://registry.npmjs.org/range-parser/-/range-parser-1.3.0.tgz 0ms (cache hit)
1344 http cache parseurl@https://registry.npmjs.org/parseurl/-/parseurl-1.3.3.tgz 0ms (cache hit)
1345 http cache proxy-addr@https://registry.npmjs.org/proxy-addr/-/proxy-addr-2.0.7.tgz 0ms (cache hit)
1346 http cache once@https://registry.npmjs.org/once/-/once-1.4.0.tgz 0ms (cache hit)
1347 http cache on-finished@https://registry.npmjs.org/on-finished/-/on-finished-2.4.1.tgz 0ms (cache hit)
1348 http cache http-errors@https://registry.npmjs.org/http-errors/-/http-errors-2.0.1.tgz 0ms (cache hit)
1349 http cache finalhandler@https://registry.npmjs.org/finalhandler/-/finalhandler-2.1.1.tgz 0ms (cache hit)
1350 http cache mime-types@https://registry.npmjs.org/mime-types/-/mime-types-3.0.2.tgz 0ms (cache hit)
1351 http cache fresh@https://registry.npmjs.org/fresh/-/fresh-2.0.0.tgz 0ms (cache hit)
1352 http cache merge-descriptors@https://registry.npmjs.org/merge-descriptors/-/merge-descriptors-2.0.0.tgz 0ms (cache hit)
1353 http cache encodeurl@https://registry.npmjs.org/encodeurl/-/encodeurl-2.0.0.tgz 0ms (cache hit)
1354 http cache etag@https://registry.npmjs.org/etag/-/etag-1.8.1.tgz 0ms (cache hit)
1355 http cache escape-html@https://registry.npmjs.org/escape-html/-/escape-html-1.0.3.tgz 0ms (cache hit)
1356 http cache debug@https://registry.npmjs.org/debug/-/debug-4.4.3.tgz 0ms (cache hit)
1357 http cache depd@https://registry.npmjs.org/depd/-/depd-2.0.0.tgz 0ms (cache hit)
1358 http cache cookie-signature@https://registry.npmjs.org/cookie-signature/-/cookie-signature-1.2.2.tgz 0ms (cache hit)
1359 http cache content-type@https://registry.npmjs.org/content-type/-/content-type-1.0.5.tgz 0ms (cache hit)
1360 http cache content-disposition@https://registry.npmjs.org/content-disposition/-/content-disposition-1.1.0.tgz 0ms (cache hit)
1361 http cache accepts@https://registry.npmjs.org/accepts/-/accepts-2.0.0.tgz 0ms (cache hit)
1362 http cache body-parser@https://registry.npmjs.org/body-parser/-/body-parser-2.3.0.tgz 0ms (cache hit)
1363 http cache cookie@https://registry.npmjs.org/cookie/-/cookie-0.7.2.tgz 0ms (cache hit)
1364 http cache @types/http-errors@https://registry.npmjs.org/@types/http-errors/-/http-errors-2.0.5.tgz 0ms (cache hit)
1365 http cache @rolldown/pluginutils@https://registry.npmjs.org/@rolldown/pluginutils/-/pluginutils-1.0.1.tgz 0ms (cache hit)
1366 http cache vary@https://registry.npmjs.org/vary/-/vary-1.1.2.tgz 0ms (cache hit)
1367 http cache object-assign@https://registry.npmjs.org/object-assign/-/object-assign-4.1.1.tgz 0ms (cache hit)
1368 http cache node-addon-api@https://registry.npmjs.org/node-addon-api/-/node-addon-api-8.9.2.tgz 0ms (cache hit)
1369 http cache @types/ms@https://registry.npmjs.org/@types/ms/-/ms-2.1.0.tgz 0ms (cache hit)
1370 http cache csstype@https://registry.npmjs.org/csstype/-/csstype-3.2.3.tgz 0ms (cache hit)
1371 http cache undici-types@https://registry.npmjs.org/undici-types/-/undici-types-8.9.0.tgz 0ms (cache hit)
1372 http cache @types/range-parser@https://registry.npmjs.org/@types/range-parser/-/range-parser-1.2.7.tgz 0ms (cache hit)
1373 http cache @types/send@https://registry.npmjs.org/@types/send/-/send-1.2.1.tgz 0ms (cache hit)
1374 http cache @types/connect@https://registry.npmjs.org/@types/connect/-/connect-3.4.38.tgz 0ms (cache hit)
1375 http cache zod@https://registry.npmjs.org/zod/-/zod-4.5.4.tgz 0ms (cache hit)
1376 http cache @types/qs@https://registry.npmjs.org/@types/qs/-/qs-6.15.1.tgz 0ms (cache hit)
1377 http cache @types/body-parser@https://registry.npmjs.org/@types/body-parser/-/body-parser-1.19.6.tgz 0ms (cache hit)
1378 http cache @types/serve-static@https://registry.npmjs.org/@types/serve-static/-/serve-static-2.2.0.tgz 0ms (cache hit)
1379 http cache @types/express-serve-static-core@https://registry.npmjs.org/@types/express-serve-static-core/-/express-serve-static-core-5.1.3.tgz 0ms (cache hit)
1380 http cache react-router-dom@https://registry.npmjs.org/react-router-dom/-/react-router-dom-7.18.3.tgz 0ms (cache hit)
1381 http cache typescript@https://registry.npmjs.org/typescript/-/typescript-7.0.2.tgz 0ms (cache hit)
1382 http cache tsx@https://registry.npmjs.org/tsx/-/tsx-4.23.13.tgz 0ms (cache hit)
1383 http cache react@https://registry.npmjs.org/react/-/react-19.2.8.tgz 0ms (cache hit)
1384 http cache react-dom@https://registry.npmjs.org/react-dom/-/react-dom-19.2.8.tgz 0ms (cache hit)
1385 http cache express@https://registry.npmjs.org/express/-/express-5.2.1.tgz 0ms (cache hit)
1386 http cache jsonwebtoken@https://registry.npmjs.org/jsonwebtoken/-/jsonwebtoken-9.0.3.tgz 0ms (cache hit)
1387 http cache helmet@https://registry.npmjs.org/helmet/-/helmet-8.3.0.tgz 0ms (cache hit)
1388 http cache express-rate-limit@https://registry.npmjs.org/express-rate-limit/-/express-rate-limit-8.7.0.tgz 0ms (cache hit)
1389 http cache dotenv@https://registry.npmjs.org/dotenv/-/dotenv-17.4.2.tgz 0ms (cache hit)
1390 http cache cors@https://registry.npmjs.org/cors/-/cors-2.8.6.tgz 0ms (cache hit)
1391 http cache @vitejs/plugin-react@https://registry.npmjs.org/@vitejs/plugin-react/-/plugin-react-6.1.1.tgz 0ms (cache hit)
1392 http cache better-sqlite3@https://registry.npmjs.org/better-sqlite3/-/better-sqlite3-13.0.3.tgz 0ms (cache hit)
1393 http cache bcryptjs@https://registry.npmjs.org/bcryptjs/-/bcryptjs-3.0.3.tgz 0ms (cache hit)
1394 http cache @types/react-dom@https://registry.npmjs.org/@types/react-dom/-/react-dom-19.2.7.tgz 0ms (cache hit)
1395 http cache @types/react@https://registry.npmjs.org/@types/react/-/react-19.2.18.tgz 0ms (cache hit)
1396 http cache vite@https://registry.npmjs.org/vite/-/vite-8.2.2.tgz 0ms (cache hit)
1397 http cache @types/jsonwebtoken@https://registry.npmjs.org/@types/jsonwebtoken/-/jsonwebtoken-9.0.10.tgz 0ms (cache hit)
1398 http cache @types/node@https://registry.npmjs.org/@types/node/-/node-26.5.0.tgz 0ms (cache hit)
1399 http cache @types/express@https://registry.npmjs.org/@types/express/-/express-5.0.6.tgz 0ms (cache hit)
1400 http cache @types/cors@https://registry.npmjs.org/@types/cors/-/cors-2.8.19.tgz 0ms (cache hit)
1401 http cache cookie@https://registry.npmjs.org/cookie/-/cookie-1.1.1.tgz 0ms (cache hit)
1402 http cache content-type@https://registry.npmjs.org/content-type/-/content-type-2.1.0.tgz 0ms (cache hit)
1403 http cache content-type@https://registry.npmjs.org/content-type/-/content-type-2.1.0.tgz 0ms (cache hit)
1404 http cache content-type@https://registry.npmjs.org/content-type/-/content-type-2.1.0.tgz 0ms (cache hit)
1405 http cache @types/better-sqlite3@https://registry.npmjs.org/@types/better-sqlite3/-/better-sqlite3-9.6.0.tgz 0ms (cache hit)
1406 silly tarball no local data for fdir@https://registry.npmjs.org/fdir/-/fdir-6.5.0.tgz. Extracting by manifest.
1407 silly tarball no local data for @rolldown/binding-win32-x64-msvc@https://registry.npmjs.org/@rolldown/binding-win32-x64-msvc/-/binding-win32-x64-msvc-1.2.7.tgz. Extracting by manifest.
1408 silly tarball no local data for @oxc-project/types@https://registry.npmjs.org/@oxc-project/types/-/types-0.148.0.tgz. Extracting by manifest.
1409 silly tarball no local data for picocolors@https://registry.npmjs.org/picocolors/-/picocolors-1.1.1.tgz. Extracting by manifest.
1410 silly tarball no local data for source-map-js@https://registry.npmjs.org/source-map-js/-/source-map-js-1.2.1.tgz. Extracting by manifest.
1411 silly tarball no local data for nanoid@https://registry.npmjs.org/nanoid/-/nanoid-3.3.18.tgz. Extracting by manifest.
1412 silly tarball no local data for lightningcss-win32-x64-msvc@https://registry.npmjs.org/lightningcss-win32-x64-msvc/-/lightningcss-win32-x64-msvc-1.33.0.tgz. Extracting by manifest.
1413 silly tarball no local data for tinyglobby@https://registry.npmjs.org/tinyglobby/-/tinyglobby-0.2.17.tgz. Extracting by manifest.
1414 silly tarball no local data for @typescript/typescript-win32-x64@https://registry.npmjs.org/@typescript/typescript-win32-x64/-/typescript-win32-x64-7.0.2.tgz. Extracting by manifest.
1415 silly tarball no local data for postcss@https://registry.npmjs.org/postcss/-/postcss-8.5.28.tgz. Extracting by manifest.
1416 silly tarball no local data for picomatch@https://registry.npmjs.org/picomatch/-/picomatch-4.0.7.tgz. Extracting by manifest.
1417 silly tarball no local data for lightningcss@https://registry.npmjs.org/lightningcss/-/lightningcss-1.33.0.tgz. Extracting by manifest.
1418 silly tarball no local data for rolldown@https://registry.npmjs.org/rolldown/-/rolldown-1.2.7.tgz. Extracting by manifest.
1419 silly tarball no local data for media-typer@https://registry.npmjs.org/media-typer/-/media-typer-1.1.1.tgz. Extracting by manifest.
1420 silly tarball no local data for detect-libc@https://registry.npmjs.org/detect-libc/-/detect-libc-2.1.2.tgz. Extracting by manifest.
1421 silly tarball no local data for esbuild@https://registry.npmjs.org/esbuild/-/esbuild-0.28.2.tgz. Extracting by manifest.
1422 silly tarball no local data for @esbuild/win32-x64@https://registry.npmjs.org/@esbuild/win32-x64/-/win32-x64-0.28.2.tgz. Extracting by manifest.
1423 silly tarball no local data for dunder-proto@https://registry.npmjs.org/dunder-proto/-/dunder-proto-1.0.1.tgz. Extracting by manifest.
1424 silly tarball no local data for has-symbols@https://registry.npmjs.org/has-symbols/-/has-symbols-1.1.0.tgz. Extracting by manifest.
1425 silly tarball no local data for get-proto@https://registry.npmjs.org/get-proto/-/get-proto-1.0.1.tgz. Extracting by manifest.
1426 silly tarball no local data for hasown@https://registry.npmjs.org/hasown/-/hasown-2.0.4.tgz. Extracting by manifest.
1427 silly tarball no local data for gopd@https://registry.npmjs.org/gopd/-/gopd-1.2.0.tgz. Extracting by manifest.
1428 silly tarball no local data for es-object-atoms@https://registry.npmjs.org/es-object-atoms/-/es-object-atoms-1.1.2.tgz. Extracting by manifest.
1429 silly tarball no local data for call-bind-apply-helpers@https://registry.npmjs.org/call-bind-apply-helpers/-/call-bind-apply-helpers-1.0.2.tgz. Extracting by manifest.
1430 silly tarball no local data for function-bind@https://registry.npmjs.org/function-bind/-/function-bind-1.1.2.tgz. Extracting by manifest.
1431 silly tarball no local data for call-bound@https://registry.npmjs.org/call-bound/-/call-bound-1.0.4.tgz. Extracting by manifest.
1432 silly tarball no local data for get-intrinsic@https://registry.npmjs.org/get-intrinsic/-/get-intrinsic-1.3.0.tgz. Extracting by manifest.
1433 silly tarball no local data for side-channel-map@https://registry.npmjs.org/side-channel-map/-/side-channel-map-1.0.1.tgz. Extracting by manifest.
1434 silly tarball no local data for side-channel-weakmap@https://registry.npmjs.org/side-channel-weakmap/-/side-channel-weakmap-1.0.2.tgz. Extracting by manifest.
1435 silly tarball no local data for math-intrinsics@https://registry.npmjs.org/math-intrinsics/-/math-intrinsics-1.1.0.tgz. Extracting by manifest.
1436 silly tarball no local data for path-to-regexp@https://registry.npmjs.org/path-to-regexp/-/path-to-regexp-8.4.2.tgz. Extracting by manifest.
1437 silly tarball no local data for side-channel-list@https://registry.npmjs.org/side-channel-list/-/side-channel-list-1.0.1.tgz. Extracting by manifest.
1438 silly tarball no local data for object-inspect@https://registry.npmjs.org/object-inspect/-/object-inspect-1.13.4.tgz. Extracting by manifest.
1439 silly tarball no local data for es-errors@https://registry.npmjs.org/es-errors/-/es-errors-1.3.0.tgz. Extracting by manifest.
1440 silly tarball no local data for set-cookie-parser@https://registry.npmjs.org/set-cookie-parser/-/set-cookie-parser-2.7.2.tgz. Extracting by manifest.
1441 silly tarball no local data for is-promise@https://registry.npmjs.org/is-promise/-/is-promise-4.0.0.tgz. Extracting by manifest.
1442 silly tarball no local data for react-router@https://registry.npmjs.org/react-router/-/react-router-7.18.3.tgz. Extracting by manifest.
1443 silly tarball no local data for side-channel@https://registry.npmjs.org/side-channel/-/side-channel-1.1.1.tgz. Extracting by manifest.
1444 silly tarball no local data for scheduler@https://registry.npmjs.org/scheduler/-/scheduler-0.27.0.tgz. Extracting by manifest.
1445 silly tarball no local data for unpipe@https://registry.npmjs.org/unpipe/-/unpipe-1.0.0.tgz. Extracting by manifest.
1446 silly tarball no local data for es-define-property@https://registry.npmjs.org/es-define-property/-/es-define-property-1.0.1.tgz. Extracting by manifest.
1447 silly tarball no local data for ipaddr.js@https://registry.npmjs.org/ipaddr.js/-/ipaddr.js-1.9.1.tgz. Extracting by manifest.
1448 silly tarball no local data for forwarded@https://registry.npmjs.org/forwarded/-/forwarded-0.2.0.tgz. Extracting by manifest.
1449 silly tarball no local data for wrappy@https://registry.npmjs.org/wrappy/-/wrappy-1.0.2.tgz. Extracting by manifest.
1450 silly tarball no local data for mime-db@https://registry.npmjs.org/mime-db/-/mime-db-1.54.0.tgz. Extracting by manifest.
1451 silly tarball no local data for ee-first@https://registry.npmjs.org/ee-first/-/ee-first-1.1.1.tgz. Extracting by manifest.
1452 silly tarball no local data for ecdsa-sig-formatter@https://registry.npmjs.org/ecdsa-sig-formatter/-/ecdsa-sig-formatter-1.0.11.tgz. Extracting by manifest.
1453 silly tarball no local data for safe-buffer@https://registry.npmjs.org/safe-buffer/-/safe-buffer-5.2.1.tgz. Extracting by manifest.
1454 silly tarball no local data for buffer-equal-constant-time@https://registry.npmjs.org/buffer-equal-constant-time/-/buffer-equal-constant-time-1.0.1.tgz. Extracting by manifest.
1455 silly tarball no local data for jwa@https://registry.npmjs.org/jwa/-/jwa-2.0.1.tgz. Extracting by manifest.
1456 silly tarball no local data for lodash.once@https://registry.npmjs.org/lodash.once/-/lodash.once-4.1.1.tgz. Extracting by manifest.
1457 silly tarball no local data for semver@https://registry.npmjs.org/semver/-/semver-7.8.5.tgz. Extracting by manifest.
1458 silly tarball no local data for lodash.isstring@https://registry.npmjs.org/lodash.isstring/-/lodash.isstring-4.0.1.tgz. Extracting by manifest.
1459 silly tarball no local data for lodash.isinteger@https://registry.npmjs.org/lodash.isinteger/-/lodash.isinteger-4.0.4.tgz. Extracting by manifest.
1460 silly tarball no local data for lodash.isnumber@https://registry.npmjs.org/lodash.isnumber/-/lodash.isnumber-3.0.3.tgz. Extracting by manifest.
1461 silly tarball no local data for lodash.isplainobject@https://registry.npmjs.org/lodash.isplainobject/-/lodash.isplainobject-4.0.6.tgz. Extracting by manifest.
1462 silly tarball no local data for setprototypeof@https://registry.npmjs.org/setprototypeof/-/setprototypeof-1.2.0.tgz. Extracting by manifest.
1463 silly tarball no local data for jws@https://registry.npmjs.org/jws/-/jws-4.0.1.tgz. Extracting by manifest.
1464 silly tarball no local data for lodash.isboolean@https://registry.npmjs.org/lodash.isboolean/-/lodash.isboolean-3.0.3.tgz. Extracting by manifest.
1465 silly tarball no local data for lodash.includes@https://registry.npmjs.org/lodash.includes/-/lodash.includes-4.3.0.tgz. Extracting by manifest.
1466 silly tarball no local data for toidentifier@https://registry.npmjs.org/toidentifier/-/toidentifier-1.0.1.tgz. Extracting by manifest.
1467 silly tarball no local data for inherits@https://registry.npmjs.org/inherits/-/inherits-2.0.4.tgz. Extracting by manifest.
1468 silly tarball no local data for ip-address@https://registry.npmjs.org/ip-address/-/ip-address-10.7.0.tgz. Extracting by manifest.
1469 silly tarball no local data for ms@https://registry.npmjs.org/ms/-/ms-2.1.3.tgz. Extracting by manifest.
1470 silly tarball no local data for raw-body@https://registry.npmjs.org/raw-body/-/raw-body-3.0.2.tgz. Extracting by manifest.
1471 silly tarball no local data for safer-buffer@https://registry.npmjs.org/safer-buffer/-/safer-buffer-2.1.2.tgz. Extracting by manifest.
1472 silly tarball no local data for bytes@https://registry.npmjs.org/bytes/-/bytes-3.1.2.tgz. Extracting by manifest.
1473 silly tarball no local data for iconv-lite@https://registry.npmjs.org/iconv-lite/-/iconv-lite-0.7.3.tgz. Extracting by manifest.
1474 silly tarball no local data for negotiator@https://registry.npmjs.org/negotiator/-/negotiator-1.1.0.tgz. Extracting by manifest.
1475 silly tarball no local data for type-is@https://registry.npmjs.org/type-is/-/type-is-2.1.0.tgz. Extracting by manifest.
1476 silly tarball no local data for send@https://registry.npmjs.org/send/-/send-1.2.1.tgz. Extracting by manifest.
1477 silly tarball no local data for router@https://registry.npmjs.org/router/-/router-2.2.0.tgz. Extracting by manifest.
1478 silly tarball no local data for serve-static@https://registry.npmjs.org/serve-static/-/serve-static-2.2.1.tgz. Extracting by manifest.
1479 silly tarball no local data for statuses@https://registry.npmjs.org/statuses/-/statuses-2.0.2.tgz. Extracting by manifest.
1480 silly tarball no local data for qs@https://registry.npmjs.org/qs/-/qs-6.16.0.tgz. Extracting by manifest.
1481 silly tarball no local data for range-parser@https://registry.npmjs.org/range-parser/-/range-parser-1.3.0.tgz. Extracting by manifest.
1482 silly tarball no local data for parseurl@https://registry.npmjs.org/parseurl/-/parseurl-1.3.3.tgz. Extracting by manifest.
1483 silly tarball no local data for proxy-addr@https://registry.npmjs.org/proxy-addr/-/proxy-addr-2.0.7.tgz. Extracting by manifest.
1484 silly tarball no local data for once@https://registry.npmjs.org/once/-/once-1.4.0.tgz. Extracting by manifest.
1485 silly tarball no local data for on-finished@https://registry.npmjs.org/on-finished/-/on-finished-2.4.1.tgz. Extracting by manifest.
1486 silly tarball no local data for http-errors@https://registry.npmjs.org/http-errors/-/http-errors-2.0.1.tgz. Extracting by manifest.
1487 silly tarball no local data for finalhandler@https://registry.npmjs.org/finalhandler/-/finalhandler-2.1.1.tgz. Extracting by manifest.
1488 silly tarball no local data for mime-types@https://registry.npmjs.org/mime-types/-/mime-types-3.0.2.tgz. Extracting by manifest.
1489 silly tarball no local data for fresh@https://registry.npmjs.org/fresh/-/fresh-2.0.0.tgz. Extracting by manifest.
1490 silly tarball no local data for merge-descriptors@https://registry.npmjs.org/merge-descriptors/-/merge-descriptors-2.0.0.tgz. Extracting by manifest.
1491 silly tarball no local data for encodeurl@https://registry.npmjs.org/encodeurl/-/encodeurl-2.0.0.tgz. Extracting by manifest.
1492 silly tarball no local data for etag@https://registry.npmjs.org/etag/-/etag-1.8.1.tgz. Extracting by manifest.
1493 silly tarball no local data for escape-html@https://registry.npmjs.org/escape-html/-/escape-html-1.0.3.tgz. Extracting by manifest.
1494 silly tarball no local data for debug@https://registry.npmjs.org/debug/-/debug-4.4.3.tgz. Extracting by manifest.
1495 silly tarball no local data for depd@https://registry.npmjs.org/depd/-/depd-2.0.0.tgz. Extracting by manifest.
1496 silly tarball no local data for cookie-signature@https://registry.npmjs.org/cookie-signature/-/cookie-signature-1.2.2.tgz. Extracting by manifest.
1497 silly tarball no local data for content-type@https://registry.npmjs.org/content-type/-/content-type-1.0.5.tgz. Extracting by manifest.
1498 silly tarball no local data for content-disposition@https://registry.npmjs.org/content-disposition/-/content-disposition-1.1.0.tgz. Extracting by manifest.
1499 silly tarball no local data for accepts@https://registry.npmjs.org/accepts/-/accepts-2.0.0.tgz. Extracting by manifest.
1500 silly tarball no local data for body-parser@https://registry.npmjs.org/body-parser/-/body-parser-2.3.0.tgz. Extracting by manifest.
1501 silly tarball no local data for cookie@https://registry.npmjs.org/cookie/-/cookie-0.7.2.tgz. Extracting by manifest.
1502 silly tarball no local data for @types/http-errors@https://registry.npmjs.org/@types/http-errors/-/http-errors-2.0.5.tgz. Extracting by manifest.
1503 silly tarball no local data for @rolldown/pluginutils@https://registry.npmjs.org/@rolldown/pluginutils/-/pluginutils-1.0.1.tgz. Extracting by manifest.
1504 silly tarball no local data for vary@https://registry.npmjs.org/vary/-/vary-1.1.2.tgz. Extracting by manifest.
1505 silly tarball no local data for object-assign@https://registry.npmjs.org/object-assign/-/object-assign-4.1.1.tgz. Extracting by manifest.
1506 silly tarball no local data for node-addon-api@https://registry.npmjs.org/node-addon-api/-/node-addon-api-8.9.2.tgz. Extracting by manifest.
1507 silly tarball no local data for @types/ms@https://registry.npmjs.org/@types/ms/-/ms-2.1.0.tgz. Extracting by manifest.
1508 silly tarball no local data for csstype@https://registry.npmjs.org/csstype/-/csstype-3.2.3.tgz. Extracting by manifest.
1509 silly tarball no local data for undici-types@https://registry.npmjs.org/undici-types/-/undici-types-8.9.0.tgz. Extracting by manifest.
1510 silly tarball no local data for @types/range-parser@https://registry.npmjs.org/@types/range-parser/-/range-parser-1.2.7.tgz. Extracting by manifest.
1511 silly tarball no local data for @types/send@https://registry.npmjs.org/@types/send/-/send-1.2.1.tgz. Extracting by manifest.
1512 silly tarball no local data for @types/connect@https://registry.npmjs.org/@types/connect/-/connect-3.4.38.tgz. Extracting by manifest.
1513 silly tarball no local data for zod@https://registry.npmjs.org/zod/-/zod-4.5.4.tgz. Extracting by manifest.
1514 silly tarball no local data for @types/qs@https://registry.npmjs.org/@types/qs/-/qs-6.15.1.tgz. Extracting by manifest.
1515 silly tarball no local data for @types/body-parser@https://registry.npmjs.org/@types/body-parser/-/body-parser-1.19.6.tgz. Extracting by manifest.
1516 silly tarball no local data for @types/serve-static@https://registry.npmjs.org/@types/serve-static/-/serve-static-2.2.0.tgz. Extracting by manifest.
1517 silly tarball no local data for @types/express-serve-static-core@https://registry.npmjs.org/@types/express-serve-static-core/-/express-serve-static-core-5.1.3.tgz. Extracting by manifest.
1518 silly tarball no local data for react-router-dom@https://registry.npmjs.org/react-router-dom/-/react-router-dom-7.18.3.tgz. Extracting by manifest.
1519 silly tarball no local data for typescript@https://registry.npmjs.org/typescript/-/typescript-7.0.2.tgz. Extracting by manifest.
1520 silly tarball no local data for tsx@https://registry.npmjs.org/tsx/-/tsx-4.23.13.tgz. Extracting by manifest.
1521 silly tarball no local data for react@https://registry.npmjs.org/react/-/react-19.2.8.tgz. Extracting by manifest.
1522 silly tarball no local data for react-dom@https://registry.npmjs.org/react-dom/-/react-dom-19.2.8.tgz. Extracting by manifest.
1523 silly tarball no local data for express@https://registry.npmjs.org/express/-/express-5.2.1.tgz. Extracting by manifest.
1524 silly tarball no local data for jsonwebtoken@https://registry.npmjs.org/jsonwebtoken/-/jsonwebtoken-9.0.3.tgz. Extracting by manifest.
1525 silly tarball no local data for helmet@https://registry.npmjs.org/helmet/-/helmet-8.3.0.tgz. Extracting by manifest.
1526 silly tarball no local data for express-rate-limit@https://registry.npmjs.org/express-rate-limit/-/express-rate-limit-8.7.0.tgz. Extracting by manifest.
1527 silly tarball no local data for dotenv@https://registry.npmjs.org/dotenv/-/dotenv-17.4.2.tgz. Extracting by manifest.
1528 silly tarball no local data for cors@https://registry.npmjs.org/cors/-/cors-2.8.6.tgz. Extracting by manifest.
1529 silly tarball no local data for @vitejs/plugin-react@https://registry.npmjs.org/@vitejs/plugin-react/-/plugin-react-6.1.1.tgz. Extracting by manifest.
1530 silly tarball no local data for better-sqlite3@https://registry.npmjs.org/better-sqlite3/-/better-sqlite3-13.0.3.tgz. Extracting by manifest.
1531 silly tarball no local data for bcryptjs@https://registry.npmjs.org/bcryptjs/-/bcryptjs-3.0.3.tgz. Extracting by manifest.
1532 silly tarball no local data for @types/react-dom@https://registry.npmjs.org/@types/react-dom/-/react-dom-19.2.7.tgz. Extracting by manifest.
1533 silly tarball no local data for @types/react@https://registry.npmjs.org/@types/react/-/react-19.2.18.tgz. Extracting by manifest.
1534 silly tarball no local data for vite@https://registry.npmjs.org/vite/-/vite-8.2.2.tgz. Extracting by manifest.
1535 silly tarball no local data for @types/jsonwebtoken@https://registry.npmjs.org/@types/jsonwebtoken/-/jsonwebtoken-9.0.10.tgz. Extracting by manifest.
1536 silly tarball no local data for @types/node@https://registry.npmjs.org/@types/node/-/node-26.5.0.tgz. Extracting by manifest.
1537 silly tarball no local data for @types/express@https://registry.npmjs.org/@types/express/-/express-5.0.6.tgz. Extracting by manifest.
1538 silly tarball no local data for @types/cors@https://registry.npmjs.org/@types/cors/-/cors-2.8.19.tgz. Extracting by manifest.
1539 silly tarball no local data for cookie@https://registry.npmjs.org/cookie/-/cookie-1.1.1.tgz. Extracting by manifest.
1540 silly tarball no local data for content-type@https://registry.npmjs.org/content-type/-/content-type-2.1.0.tgz. Extracting by manifest.
1541 silly tarball no local data for content-type@https://registry.npmjs.org/content-type/-/content-type-2.1.0.tgz. Extracting by manifest.
1542 silly tarball no local data for content-type@https://registry.npmjs.org/content-type/-/content-type-2.1.0.tgz. Extracting by manifest.
1543 silly tarball no local data for @types/better-sqlite3@https://registry.npmjs.org/@types/better-sqlite3/-/better-sqlite3-9.6.0.tgz. Extracting by manifest.
1544 http fetch GET 200 https://registry.npmjs.org/nanoid/-/nanoid-3.3.18.tgz 251ms (cache miss)
1545 http fetch GET 200 https://registry.npmjs.org/fdir/-/fdir-6.5.0.tgz 257ms (cache miss)
1546 http fetch GET 200 https://registry.npmjs.org/@oxc-project/types/-/types-0.148.0.tgz 265ms (cache miss)
1547 http fetch GET 200 https://registry.npmjs.org/source-map-js/-/source-map-js-1.2.1.tgz 284ms (cache miss)
1548 http fetch GET 200 https://registry.npmjs.org/postcss/-/postcss-8.5.28.tgz 354ms (cache miss)
1549 http fetch GET 200 https://registry.npmjs.org/esbuild/-/esbuild-0.28.2.tgz 367ms (cache miss)
1550 http fetch GET 200 https://registry.npmjs.org/detect-libc/-/detect-libc-2.1.2.tgz 380ms (cache miss)
1551 http fetch POST 200 https://registry.npmjs.org/-/npm/v1/security/advisories/bulk 545ms
1552 silly audit report {}
1553 http fetch GET 200 https://registry.npmjs.org/dunder-proto/-/dunder-proto-1.0.1.tgz 386ms (cache miss)
1554 http fetch GET 200 https://registry.npmjs.org/has-symbols/-/has-symbols-1.1.0.tgz 387ms (cache miss)
1555 http fetch GET 200 https://registry.npmjs.org/picocolors/-/picocolors-1.1.1.tgz 555ms (cache miss)
1556 http fetch GET 200 https://registry.npmjs.org/get-proto/-/get-proto-1.0.1.tgz 543ms (cache miss)
1557 http fetch GET 200 https://registry.npmjs.org/media-typer/-/media-typer-1.1.1.tgz 587ms (cache miss)
1558 http fetch GET 200 https://registry.npmjs.org/hasown/-/hasown-2.0.4.tgz 672ms (cache miss)
1559 http fetch GET 200 https://registry.npmjs.org/tinyglobby/-/tinyglobby-0.2.17.tgz 682ms (cache miss)
1560 http fetch GET 200 https://registry.npmjs.org/es-object-atoms/-/es-object-atoms-1.1.2.tgz 672ms (cache miss)
1561 http fetch GET 200 https://registry.npmjs.org/call-bind-apply-helpers/-/call-bind-apply-helpers-1.0.2.tgz 680ms (cache miss)
1562 http fetch GET 200 https://registry.npmjs.org/gopd/-/gopd-1.2.0.tgz 682ms (cache miss)
1563 http fetch GET 200 https://registry.npmjs.org/picomatch/-/picomatch-4.0.7.tgz 705ms (cache miss)
1564 http fetch GET 200 https://registry.npmjs.org/lightningcss/-/lightningcss-1.33.0.tgz 805ms (cache miss)
1565 http fetch GET 200 https://registry.npmjs.org/call-bound/-/call-bound-1.0.4.tgz 944ms (cache miss)
1566 http fetch GET 200 https://registry.npmjs.org/function-bind/-/function-bind-1.1.2.tgz 957ms (cache miss)
1567 http fetch GET 200 https://registry.npmjs.org/side-channel-weakmap/-/side-channel-weakmap-1.0.2.tgz 954ms (cache miss)
1568 http fetch GET 200 https://registry.npmjs.org/path-to-regexp/-/path-to-regexp-8.4.2.tgz 994ms (cache miss)
1569 http fetch GET 200 https://registry.npmjs.org/math-intrinsics/-/math-intrinsics-1.1.0.tgz 998ms (cache miss)
1570 http fetch GET 200 https://registry.npmjs.org/side-channel-map/-/side-channel-map-1.0.1.tgz 1001ms (cache miss)
1571 http fetch GET 200 https://registry.npmjs.org/get-intrinsic/-/get-intrinsic-1.3.0.tgz 1009ms (cache miss)
1572 http fetch GET 200 https://registry.npmjs.org/es-errors/-/es-errors-1.3.0.tgz 1038ms (cache miss)
1573 http fetch GET 200 https://registry.npmjs.org/side-channel-list/-/side-channel-list-1.0.1.tgz 1059ms (cache miss)
1574 http fetch GET 200 https://registry.npmjs.org/object-inspect/-/object-inspect-1.13.4.tgz 1076ms (cache miss)
1575 http fetch GET 200 https://registry.npmjs.org/rolldown/-/rolldown-1.2.7.tgz 1115ms (cache miss)
1576 http fetch GET 200 https://registry.npmjs.org/set-cookie-parser/-/set-cookie-parser-2.7.2.tgz 1108ms (cache miss)
1577 http fetch GET 200 https://registry.npmjs.org/side-channel/-/side-channel-1.1.1.tgz 1158ms (cache miss)
1578 http fetch GET 200 https://registry.npmjs.org/is-promise/-/is-promise-4.0.0.tgz 1189ms (cache miss)
1579 http fetch GET 200 https://registry.npmjs.org/es-define-property/-/es-define-property-1.0.1.tgz 1185ms (cache miss)
1580 http fetch GET 200 https://registry.npmjs.org/unpipe/-/unpipe-1.0.0.tgz 1187ms (cache miss)
1581 http fetch GET 200 https://registry.npmjs.org/scheduler/-/scheduler-0.27.0.tgz 1188ms (cache miss)
1582 http fetch GET 200 https://registry.npmjs.org/ipaddr.js/-/ipaddr.js-1.9.1.tgz 1197ms (cache miss)
1583 http fetch GET 200 https://registry.npmjs.org/forwarded/-/forwarded-0.2.0.tgz 1208ms (cache miss)
1584 http fetch GET 200 https://registry.npmjs.org/wrappy/-/wrappy-1.0.2.tgz 1207ms (cache miss)
1585 http fetch GET 200 https://registry.npmjs.org/ee-first/-/ee-first-1.1.1.tgz 1237ms (cache miss)
1586 http fetch GET 200 https://registry.npmjs.org/ecdsa-sig-formatter/-/ecdsa-sig-formatter-1.0.11.tgz 1249ms (cache miss)
1587 http fetch GET 200 https://registry.npmjs.org/safe-buffer/-/safe-buffer-5.2.1.tgz 1270ms (cache miss)
1588 http fetch GET 200 https://registry.npmjs.org/mime-db/-/mime-db-1.54.0.tgz 1291ms (cache miss)
1589 http fetch GET 200 https://registry.npmjs.org/buffer-equal-constant-time/-/buffer-equal-constant-time-1.0.1.tgz 1313ms (cache miss)
1590 http fetch GET 200 https://registry.npmjs.org/lodash.once/-/lodash.once-4.1.1.tgz 1311ms (cache miss)
1591 http fetch GET 200 https://registry.npmjs.org/jwa/-/jwa-2.0.1.tgz 1313ms (cache miss)
1592 http fetch GET 200 https://registry.npmjs.org/lodash.isinteger/-/lodash.isinteger-4.0.4.tgz 1342ms (cache miss)
1593 http fetch GET 200 https://registry.npmjs.org/lodash.isnumber/-/lodash.isnumber-3.0.3.tgz 1349ms (cache miss)
1594 http fetch GET 200 https://registry.npmjs.org/lodash.isstring/-/lodash.isstring-4.0.1.tgz 1357ms (cache miss)
1595 http fetch GET 200 https://registry.npmjs.org/lodash.isplainobject/-/lodash.isplainobject-4.0.6.tgz 1357ms (cache miss)
1596 http fetch GET 200 https://registry.npmjs.org/setprototypeof/-/setprototypeof-1.2.0.tgz 1359ms (cache miss)
1597 http fetch GET 200 https://registry.npmjs.org/semver/-/semver-7.8.5.tgz 1456ms (cache miss)
1598 http fetch GET 200 https://registry.npmjs.org/jws/-/jws-4.0.1.tgz 1469ms (cache miss)
1599 http fetch GET 200 https://registry.npmjs.org/lodash.isboolean/-/lodash.isboolean-3.0.3.tgz 1499ms (cache miss)
1600 http fetch GET 200 https://registry.npmjs.org/toidentifier/-/toidentifier-1.0.1.tgz 1555ms (cache miss)
1601 http fetch GET 200 https://registry.npmjs.org/lodash.includes/-/lodash.includes-4.3.0.tgz 1556ms (cache miss)
1602 http fetch GET 200 https://registry.npmjs.org/raw-body/-/raw-body-3.0.2.tgz 1553ms (cache miss)
1603 http fetch GET 200 https://registry.npmjs.org/safer-buffer/-/safer-buffer-2.1.2.tgz 1553ms (cache miss)
1604 http fetch GET 200 https://registry.npmjs.org/inherits/-/inherits-2.0.4.tgz 1559ms (cache miss)
1605 http fetch GET 200 https://registry.npmjs.org/ip-address/-/ip-address-10.7.0.tgz 1584ms (cache miss)
1606 http fetch GET 200 https://registry.npmjs.org/bytes/-/bytes-3.1.2.tgz 1602ms (cache miss)
1607 http fetch GET 200 https://registry.npmjs.org/ms/-/ms-2.1.3.tgz 1605ms (cache miss)
1608 http fetch GET 200 https://registry.npmjs.org/negotiator/-/negotiator-1.1.0.tgz 1949ms (cache miss)
1609 http fetch GET 200 https://registry.npmjs.org/type-is/-/type-is-2.1.0.tgz 2049ms (cache miss)
1610 http fetch GET 200 https://registry.npmjs.org/send/-/send-1.2.1.tgz 2058ms (cache miss)
1611 http fetch GET 200 https://registry.npmjs.org/serve-static/-/serve-static-2.2.1.tgz 2060ms (cache miss)
1612 http fetch GET 200 https://registry.npmjs.org/router/-/router-2.2.0.tgz 2066ms (cache miss)
1613 http fetch GET 200 https://registry.npmjs.org/qs/-/qs-6.16.0.tgz 2112ms (cache miss)
1614 http fetch GET 200 https://registry.npmjs.org/statuses/-/statuses-2.0.2.tgz 2122ms (cache miss)
1615 http fetch GET 200 https://registry.npmjs.org/parseurl/-/parseurl-1.3.3.tgz 2137ms (cache miss)
1616 http fetch GET 200 https://registry.npmjs.org/range-parser/-/range-parser-1.3.0.tgz 2140ms (cache miss)
1617 http fetch GET 200 https://registry.npmjs.org/proxy-addr/-/proxy-addr-2.0.7.tgz 2226ms (cache miss)
1618 http fetch GET 200 https://registry.npmjs.org/once/-/once-1.4.0.tgz 2438ms (cache miss)
1619 http fetch GET 200 https://registry.npmjs.org/mime-types/-/mime-types-3.0.2.tgz 2580ms (cache miss)
1620 http fetch GET 200 https://registry.npmjs.org/on-finished/-/on-finished-2.4.1.tgz 2593ms (cache miss)
1621 http fetch GET 200 https://registry.npmjs.org/http-errors/-/http-errors-2.0.1.tgz 2610ms (cache miss)
1622 http fetch GET 200 https://registry.npmjs.org/fresh/-/fresh-2.0.0.tgz 2736ms (cache miss)
1623 http fetch GET 200 https://registry.npmjs.org/etag/-/etag-1.8.1.tgz 2737ms (cache miss)
1624 http fetch GET 200 https://registry.npmjs.org/merge-descriptors/-/merge-descriptors-2.0.0.tgz 2762ms (cache miss)
1625 http fetch GET 200 https://registry.npmjs.org/encodeurl/-/encodeurl-2.0.0.tgz 2762ms (cache miss)
1626 http fetch GET 200 https://registry.npmjs.org/iconv-lite/-/iconv-lite-0.7.3.tgz 2777ms (cache miss)
1627 http fetch GET 200 https://registry.npmjs.org/escape-html/-/escape-html-1.0.3.tgz 2763ms (cache miss)
1628 http fetch GET 200 https://registry.npmjs.org/finalhandler/-/finalhandler-2.1.1.tgz 2767ms (cache miss)
1629 http fetch GET 200 https://registry.npmjs.org/content-type/-/content-type-1.0.5.tgz 3211ms (cache miss)
1630 http fetch GET 200 https://registry.npmjs.org/content-disposition/-/content-disposition-1.1.0.tgz 3211ms (cache miss)
1631 http fetch GET 200 https://registry.npmjs.org/accepts/-/accepts-2.0.0.tgz 3211ms (cache miss)
1632 http fetch GET 200 https://registry.npmjs.org/cookie-signature/-/cookie-signature-1.2.2.tgz 3265ms (cache miss)
1633 http fetch GET 200 https://registry.npmjs.org/depd/-/depd-2.0.0.tgz 3268ms (cache miss)
1634 http fetch GET 200 https://registry.npmjs.org/debug/-/debug-4.4.3.tgz 3270ms (cache miss)
1635 http fetch GET 200 https://registry.npmjs.org/cookie/-/cookie-0.7.2.tgz 3306ms (cache miss)
1636 http fetch GET 200 https://registry.npmjs.org/object-assign/-/object-assign-4.1.1.tgz 3304ms (cache miss)
1637 http fetch GET 200 https://registry.npmjs.org/@types/http-errors/-/http-errors-2.0.5.tgz 3308ms (cache miss)
1638 http fetch GET 200 https://registry.npmjs.org/vary/-/vary-1.1.2.tgz 3308ms (cache miss)
1639 http fetch GET 200 https://registry.npmjs.org/@rolldown/pluginutils/-/pluginutils-1.0.1.tgz 3319ms (cache miss)
1640 http fetch GET 200 https://registry.npmjs.org/body-parser/-/body-parser-2.3.0.tgz 3329ms (cache miss)
1641 http fetch GET 200 https://registry.npmjs.org/@types/ms/-/ms-2.1.0.tgz 3432ms (cache miss)
1642 http fetch GET 200 https://registry.npmjs.org/undici-types/-/undici-types-8.9.0.tgz 3479ms (cache miss)
1643 http fetch GET 200 https://registry.npmjs.org/@types/range-parser/-/range-parser-1.2.7.tgz 3519ms (cache miss)
1644 http fetch GET 200 https://registry.npmjs.org/@esbuild/win32-x64/-/win32-x64-0.28.2.tgz 3595ms (cache miss)
1645 http fetch GET 200 https://registry.npmjs.org/@types/send/-/send-1.2.1.tgz 3558ms (cache miss)
1646 http fetch GET 200 https://registry.npmjs.org/@types/connect/-/connect-3.4.38.tgz 3559ms (cache miss)
1647 http fetch GET 200 https://registry.npmjs.org/node-addon-api/-/node-addon-api-8.9.2.tgz 3569ms (cache miss)
1648 http fetch GET 200 https://registry.npmjs.org/@types/qs/-/qs-6.15.1.tgz 3577ms (cache miss)
1649 http fetch GET 200 https://registry.npmjs.org/@types/body-parser/-/body-parser-1.19.6.tgz 3617ms (cache miss)
1650 http fetch GET 200 https://registry.npmjs.org/@types/serve-static/-/serve-static-2.2.0.tgz 3631ms (cache miss)
1651 http fetch GET 200 https://registry.npmjs.org/csstype/-/csstype-3.2.3.tgz 3732ms (cache miss)
1652 http fetch GET 200 https://registry.npmjs.org/@types/express-serve-static-core/-/express-serve-static-core-5.1.3.tgz 4072ms (cache miss)
1653 http fetch GET 200 https://registry.npmjs.org/react-router-dom/-/react-router-dom-7.18.3.tgz 4095ms (cache miss)
1654 http fetch GET 200 https://registry.npmjs.org/jsonwebtoken/-/jsonwebtoken-9.0.3.tgz 4279ms (cache miss)
1655 http fetch GET 200 https://registry.npmjs.org/helmet/-/helmet-8.3.0.tgz 4310ms (cache miss)
1656 http fetch GET 200 https://registry.npmjs.org/express/-/express-5.2.1.tgz 4326ms (cache miss)
1657 http fetch GET 200 https://registry.npmjs.org/express-rate-limit/-/express-rate-limit-8.7.0.tgz 4327ms (cache miss)
1658 http fetch GET 200 https://registry.npmjs.org/react/-/react-19.2.8.tgz 4362ms (cache miss)
1659 http fetch GET 200 https://registry.npmjs.org/cors/-/cors-2.8.6.tgz 4362ms (cache miss)
1660 http fetch GET 200 https://registry.npmjs.org/lightningcss-win32-x64-msvc/-/lightningcss-win32-x64-msvc-1.33.0.tgz 4507ms (cache miss)
1661 http fetch GET 200 https://registry.npmjs.org/dotenv/-/dotenv-17.4.2.tgz 4468ms (cache miss)
1662 http fetch GET 200 https://registry.npmjs.org/tsx/-/tsx-4.23.13.tgz 4536ms (cache miss)
1663 http fetch GET 200 https://registry.npmjs.org/@rolldown/binding-win32-x64-msvc/-/binding-win32-x64-msvc-1.2.7.tgz 4685ms (cache miss)
1664 http fetch GET 200 https://registry.npmjs.org/bcryptjs/-/bcryptjs-3.0.3.tgz 4646ms (cache miss)
1665 http fetch GET 200 https://registry.npmjs.org/@vitejs/plugin-react/-/plugin-react-6.1.1.tgz 4697ms (cache miss)
1666 http fetch GET 200 https://registry.npmjs.org/@types/react-dom/-/react-dom-19.2.7.tgz 4696ms (cache miss)
1667 http fetch GET 200 https://registry.npmjs.org/@types/jsonwebtoken/-/jsonwebtoken-9.0.10.tgz 4799ms (cache miss)
1668 http fetch GET 200 https://registry.npmjs.org/@types/express/-/express-5.0.6.tgz 4817ms (cache miss)
1669 http fetch GET 200 https://registry.npmjs.org/content-type/-/content-type-2.1.0.tgz 4826ms (cache miss)
1670 http fetch GET 200 https://registry.npmjs.org/@types/cors/-/cors-2.8.19.tgz 4843ms (cache miss)
1671 http fetch GET 200 https://registry.npmjs.org/cookie/-/cookie-1.1.1.tgz 4846ms (cache miss)
1672 http fetch GET 200 https://registry.npmjs.org/@types/better-sqlite3/-/better-sqlite3-9.6.0.tgz 4956ms (cache miss)
1673 http fetch GET 200 https://registry.npmjs.org/@types/react/-/react-19.2.18.tgz 4964ms (cache miss)
1674 http fetch GET 200 https://registry.npmjs.org/content-type/-/content-type-2.1.0.tgz 4984ms (cache miss)
1675 http fetch GET 200 https://registry.npmjs.org/content-type/-/content-type-2.1.0.tgz 4994ms (cache miss)
1676 http fetch GET 200 https://registry.npmjs.org/vite/-/vite-8.2.2.tgz 5176ms (cache miss)
1677 http fetch GET 200 https://registry.npmjs.org/@types/node/-/node-26.5.0.tgz 5300ms (cache miss)
1678 http fetch GET 200 https://registry.npmjs.org/react-dom/-/react-dom-19.2.8.tgz 5582ms (cache miss)
1679 http fetch GET 200 https://registry.npmjs.org/typescript/-/typescript-7.0.2.tgz 5711ms (cache miss)
1680 http fetch GET 200 https://registry.npmjs.org/zod/-/zod-4.5.4.tgz 6277ms (cache miss)
1681 http fetch GET 200 https://registry.npmjs.org/better-sqlite3/-/better-sqlite3-13.0.3.tgz 8430ms (cache miss)
1682 http fetch GET 200 https://registry.npmjs.org/@typescript/typescript-win32-x64/-/typescript-win32-x64-7.0.2.tgz 9802ms (cache miss)
1683 http fetch GET 200 https://registry.npmjs.org/react-router/-/react-router-7.18.3.tgz 14006ms (cache miss)
1684 info run esbuild@0.28.2 postinstall node_modules/esbuild node install.js
1685 info run esbuild@0.28.2 postinstall { code: 0, signal: null }
1686 silly ADD node_modules/fdir
1687 silly ADD node_modules/@rolldown/binding-win32-x64-msvc
1688 silly ADD node_modules/@oxc-project/types
1689 silly ADD node_modules/source-map-js
1690 silly ADD node_modules/picocolors
1691 silly ADD node_modules/nanoid
1692 silly ADD node_modules/lightningcss-win32-x64-msvc
1693 silly ADD node_modules/detect-libc
1694 silly ADD node_modules/tinyglobby
1695 silly ADD node_modules/rolldown
1696 silly ADD node_modules/postcss
1697 silly ADD node_modules/picomatch
1698 silly ADD node_modules/lightningcss
1699 silly ADD node_modules/@typescript/typescript-win32-x64
1700 silly ADD node_modules/media-typer
1701 silly ADD node_modules/@esbuild/win32-x64
1702 silly ADD node_modules/esbuild
1703 silly ADD node_modules/dunder-proto
1704 silly ADD node_modules/math-intrinsics
1705 silly ADD node_modules/hasown
1706 silly ADD node_modules/has-symbols
1707 silly ADD node_modules/gopd
1708 silly ADD node_modules/get-proto
1709 silly ADD node_modules/es-object-atoms
1710 silly ADD node_modules/function-bind
1711 silly ADD node_modules/call-bind-apply-helpers
1712 silly ADD node_modules/get-intrinsic
1713 silly ADD node_modules/call-bound
1714 silly ADD node_modules/side-channel-weakmap
1715 silly ADD node_modules/side-channel-map
1716 silly ADD node_modules/side-channel-list
1717 silly ADD node_modules/object-inspect
1718 silly ADD node_modules/es-errors
1719 silly ADD node_modules/path-to-regexp
1720 silly ADD node_modules/is-promise
1721 silly ADD node_modules/set-cookie-parser
1722 silly ADD node_modules/react-router
1723 silly ADD node_modules/react-router/node_modules/cookie
1724 silly ADD node_modules/scheduler
1725 silly ADD node_modules/unpipe
1726 silly ADD node_modules/side-channel
1727 silly ADD node_modules/es-define-property
1728 silly ADD node_modules/ipaddr.js
1729 silly ADD node_modules/forwarded
1730 silly ADD node_modules/wrappy
1731 silly ADD node_modules/ee-first
1732 silly ADD node_modules/mime-db
1733 silly ADD node_modules/ecdsa-sig-formatter
1734 silly ADD node_modules/buffer-equal-constant-time
1735 silly ADD node_modules/safe-buffer
1736 silly ADD node_modules/jwa
1737 silly ADD node_modules/semver
1738 silly ADD node_modules/lodash.once
1739 silly ADD node_modules/lodash.isstring
1740 silly ADD node_modules/lodash.isplainobject
1741 silly ADD node_modules/lodash.isnumber
1742 silly ADD node_modules/lodash.isinteger
1743 silly ADD node_modules/lodash.isboolean
1744 silly ADD node_modules/lodash.includes
1745 silly ADD node_modules/jws
1746 silly ADD node_modules/safer-buffer
1747 silly ADD node_modules/toidentifier
1748 silly ADD node_modules/setprototypeof
1749 silly ADD node_modules/inherits
1750 silly ADD node_modules/ip-address
1751 silly ADD node_modules/ms
1752 silly ADD node_modules/raw-body
1753 silly ADD node_modules/iconv-lite
1754 silly ADD node_modules/bytes
1755 silly ADD node_modules/negotiator
1756 silly ADD node_modules/negotiator/node_modules/content-type
1757 silly ADD node_modules/type-is
1758 silly ADD node_modules/type-is/node_modules/content-type
1759 silly ADD node_modules/statuses
1760 silly ADD node_modules/serve-static
1761 silly ADD node_modules/send
1762 silly ADD node_modules/router
1763 silly ADD node_modules/range-parser
1764 silly ADD node_modules/qs
1765 silly ADD node_modules/proxy-addr
1766 silly ADD node_modules/parseurl
1767 silly ADD node_modules/once
1768 silly ADD node_modules/on-finished
1769 silly ADD node_modules/mime-types
1770 silly ADD node_modules/merge-descriptors
1771 silly ADD node_modules/http-errors
1772 silly ADD node_modules/fresh
1773 silly ADD node_modules/finalhandler
1774 silly ADD node_modules/etag
1775 silly ADD node_modules/escape-html
1776 silly ADD node_modules/encodeurl
1777 silly ADD node_modules/depd
1778 silly ADD node_modules/debug
1779 silly ADD node_modules/cookie-signature
1780 silly ADD node_modules/cookie
1781 silly ADD node_modules/content-type
1782 silly ADD node_modules/content-disposition
1783 silly ADD node_modules/body-parser
1784 silly ADD node_modules/body-parser/node_modules/content-type
1785 silly ADD node_modules/accepts
1786 silly ADD node_modules/vary
1787 silly ADD node_modules/object-assign
1788 silly ADD node_modules/node-addon-api
1789 silly ADD node_modules/@rolldown/pluginutils
1790 silly ADD node_modules/@types/http-errors
1791 silly ADD node_modules/csstype
1792 silly ADD node_modules/undici-types
1793 silly ADD node_modules/@types/ms
1794 silly ADD node_modules/@types/send
1795 silly ADD node_modules/@types/range-parser
1796 silly ADD node_modules/@types/qs
1797 silly ADD node_modules/@types/connect
1798 silly ADD node_modules/@types/serve-static
1799 silly ADD node_modules/@types/express-serve-static-core
1800 silly ADD node_modules/@types/body-parser
1801 silly ADD node_modules/zod
1802 silly ADD node_modules/typescript
1803 silly ADD node_modules/tsx
1804 silly ADD node_modules/react-router-dom
1805 silly ADD node_modules/react-dom
1806 silly ADD node_modules/react
1807 silly ADD node_modules/jsonwebtoken
1808 silly ADD node_modules/helmet
1809 silly ADD node_modules/express-rate-limit
1810 silly ADD node_modules/express
1811 silly ADD node_modules/dotenv
1812 silly ADD node_modules/cors
1813 silly ADD node_modules/better-sqlite3
1814 silly ADD node_modules/bcryptjs
1815 silly ADD node_modules/vite
1816 silly ADD node_modules/@vitejs/plugin-react
1817 silly ADD node_modules/@types/react-dom
1818 silly ADD node_modules/@types/react
1819 silly ADD node_modules/@types/node
1820 silly ADD node_modules/@types/jsonwebtoken
1821 silly ADD node_modules/@types/express
1822 silly ADD node_modules/@types/cors
1823 silly ADD node_modules/@types/better-sqlite3
1824 warn allow-scripts 1 package has install scripts not yet covered by allowScripts:
1824 warn allow-scripts   esbuild@0.28.2 (postinstall: node install.js)
1824 warn allow-scripts
1824 warn allow-scripts Run `npm approve-scripts --allow-scripts-pending` to review, or `npm approve-scripts <pkg>` to allow.
1825 verbose cwd C:\Users\rbano\Documents\Codex\2026-09-08\files-pasted-by-the-user-build
1826 verbose os Windows_NT 10.0.26200
1827 verbose node v24.18.1
1828 verbose npm  v11.16.0
1829 notice
1829 notice New major version of npm available! 11.16.0 -> 12.0.2
1829 notice Changelog: https://github.com/npm/cli/releases/tag/v12.0.2
1829 notice To update run: npm install -g npm@12.0.2
1829 notice  { force: true, Symbol(proc-log.meta): true }
1830 verbose exit 0
1831 info ok
